j0; j1; cos(j0); cos(j1); sin(j0); sin(j1); ee_x; ee_y; ee_qw; ee_qz
-0.068; -0.100;  0.998;  0.995; -0.068; -0.100;  0.208; -0.025;  0.996; -0.084
-0.095; -0.140;  0.996;  0.990; -0.095; -0.139;  0.207; -0.035;  0.993; -0.117
-0.170; -0.228;  0.986;  0.974; -0.169; -0.226;  0.200; -0.060;  0.980; -0.198
-0.306; -0.350;  0.953;  0.939; -0.301; -0.343;  0.183; -0.097;  0.947; -0.322
-0.440; -0.471;  0.905;  0.891; -0.426; -0.454;  0.158; -0.129;  0.898; -0.440
-0.562; -0.588;  0.846;  0.832; -0.533; -0.555;  0.130; -0.154;  0.839; -0.544
-0.691; -0.692;  0.771;  0.770; -0.637; -0.638;  0.098; -0.172;  0.770; -0.638
-0.807; -0.738;  0.692;  0.740; -0.722; -0.673;  0.072; -0.182;  0.716; -0.698
-0.961; -0.757;  0.573;  0.727; -0.820; -0.687;  0.041; -0.191;  0.653; -0.757
-1.132; -0.750;  0.425;  0.732; -0.905; -0.682;  0.009; -0.195;  0.589; -0.808
-1.310; -0.727;  0.258;  0.747; -0.966; -0.664; -0.024; -0.195;  0.525; -0.851
-1.511; -0.739;  0.060;  0.739; -0.998; -0.674; -0.063; -0.185;  0.431; -0.902
-1.704; -0.776; -0.133;  0.714; -0.991; -0.700; -0.100; -0.167;  0.325; -0.946
-1.879; -0.797; -0.303;  0.699; -0.953; -0.715; -0.129; -0.145;  0.231; -0.973
-2.042; -0.842; -0.454;  0.666; -0.891; -0.746; -0.152; -0.117;  0.129; -0.992
-2.209; -0.927; -0.596;  0.600; -0.803; -0.800; -0.170; -0.081;  0.003; -1.000
-2.413; -1.000; -0.746;  0.540; -0.666; -0.842; -0.181; -0.037; -0.135; -0.991
-2.624; -1.034; -0.869;  0.512; -0.495; -0.859; -0.183;  0.005; -0.255; -0.967
-2.855; -1.078; -0.959;  0.474; -0.282; -0.881; -0.173;  0.050; -0.385; -0.923
-3.141; -1.149; -1.000;  0.410; -0.001; -0.912; -0.145;  0.100; -0.543; -0.840
-3.233; -1.181; -0.996;  0.380;  0.091; -0.925; -0.131;  0.115; -0.597; -0.803
-3.210; -1.169; -0.998;  0.391;  0.068; -0.920; -0.136;  0.111; -0.581; -0.814
-3.157; -1.140; -1.000;  0.417;  0.015; -0.909; -0.144;  0.102; -0.546; -0.838
-3.093; -1.077; -0.999;  0.474; -0.049; -0.880; -0.157;  0.089; -0.492; -0.871
-3.056; -1.011; -0.996;  0.531; -0.086; -0.847; -0.166;  0.079; -0.446; -0.895
-3.031; -1.001; -0.994;  0.540; -0.110; -0.842; -0.169;  0.075; -0.431; -0.902
-3.036; -0.986; -0.994;  0.552; -0.105; -0.834; -0.169;  0.074; -0.426; -0.905
-3.076; -0.959; -0.998;  0.574; -0.065; -0.819; -0.169;  0.079; -0.432; -0.902
-3.102; -0.923; -0.999;  0.603; -0.040; -0.798; -0.170;  0.081; -0.427; -0.904
-3.144; -0.864; -1.000;  0.649;  0.002; -0.760; -0.171;  0.084; -0.420; -0.908
-3.164; -0.781; -1.000;  0.710;  0.022; -0.704; -0.176;  0.082; -0.392; -0.920
-3.158; -0.687; -1.000;  0.773;  0.016; -0.634; -0.184;  0.073; -0.345; -0.939
-3.151; -0.603; -1.000;  0.823;  0.010; -0.567; -0.190;  0.064; -0.302; -0.953
-3.147; -0.498; -1.000;  0.878;  0.005; -0.478; -0.196;  0.054; -0.249; -0.968
-3.144; -0.355; -1.000;  0.938;  0.003; -0.348; -0.203;  0.039; -0.178; -0.984
-3.126; -0.154; -1.000;  0.988; -0.016; -0.154; -0.209;  0.014; -0.069; -0.998
-3.097;  0.050; -0.999;  0.999; -0.045;  0.050; -0.209; -0.015;  0.047; -0.999
-3.038;  0.234; -0.995;  0.973; -0.103;  0.232; -0.203; -0.047;  0.168; -0.986
-2.914;  0.426; -0.974;  0.911; -0.226;  0.413; -0.185; -0.089;  0.321; -0.947
-2.738;  0.613; -0.920;  0.818; -0.393;  0.575; -0.150; -0.133;  0.487; -0.874
-2.557;  0.815; -0.834;  0.686; -0.552;  0.728; -0.102; -0.164;  0.644; -0.765
-2.412;  0.999; -0.745;  0.541; -0.667;  0.841; -0.057; -0.175;  0.761; -0.649
-2.293;  1.108; -0.661;  0.447; -0.750;  0.895; -0.025; -0.177;  0.829; -0.559
-2.219;  1.193; -0.603;  0.369; -0.797;  0.929; -0.003; -0.174;  0.871; -0.491
-2.183;  1.266; -0.575;  0.301; -0.818;  0.954;  0.009; -0.169;  0.897; -0.443
-2.139;  1.305; -0.538;  0.263; -0.843;  0.965;  0.020; -0.166;  0.914; -0.405
-2.106;  1.323; -0.510;  0.245; -0.860;  0.970;  0.027; -0.164;  0.924; -0.381
-2.069;  1.309; -0.478;  0.259; -0.878;  0.966;  0.032; -0.164;  0.929; -0.371
-2.046;  1.312; -0.457;  0.256; -0.889;  0.967;  0.036; -0.163;  0.933; -0.359
-2.074;  1.353; -0.482;  0.216; -0.876;  0.976;  0.034; -0.160;  0.936; -0.353
-2.124;  1.431; -0.525;  0.140; -0.851;  0.990;  0.032; -0.155;  0.940; -0.340
-2.207;  1.516; -0.594;  0.055; -0.804;  0.998;  0.025; -0.151;  0.941; -0.339
-2.316;  1.570; -0.678;  0.001; -0.735;  1.000;  0.013; -0.148;  0.931; -0.365
-2.420;  1.647; -0.751; -0.076; -0.661;  0.997;  0.004; -0.143;  0.926; -0.377
-2.505;  1.748; -0.804; -0.176; -0.594;  0.984; -0.000; -0.135;  0.929; -0.370
-2.553;  1.830; -0.832; -0.256; -0.555;  0.967; -0.001; -0.128;  0.935; -0.354
-2.580;  1.928; -0.846; -0.350; -0.532;  0.937;  0.003; -0.120;  0.947; -0.320
-2.638;  2.060; -0.876; -0.470; -0.483;  0.883;  0.005; -0.108;  0.959; -0.285
-2.688;  2.219; -0.899; -0.604; -0.438;  0.797;  0.008; -0.094;  0.973; -0.232
-2.701;  2.432; -0.905; -0.759; -0.426;  0.651;  0.016; -0.072;  0.991; -0.134
-2.679;  2.685; -0.895; -0.898; -0.446;  0.441;  0.021; -0.044;  1.000;  0.003
-2.654;  2.947; -0.883; -0.981; -0.469;  0.193;  0.017; -0.015;  0.989;  0.146
-2.678;  3.071; -0.894; -0.998; -0.447;  0.070;  0.012; -0.002;  0.980;  0.198
-2.741;  3.054; -0.921; -0.996; -0.390;  0.088;  0.013; -0.005;  0.988;  0.156
-2.789;  3.023; -0.938; -0.993; -0.346;  0.118;  0.013; -0.009;  0.993;  0.117
-2.807;  2.973; -0.944; -0.986; -0.329;  0.168;  0.014; -0.015;  0.997;  0.083
-2.792;  2.873; -0.940; -0.964; -0.342;  0.266;  0.016; -0.025;  0.999;  0.040
-2.706;  2.766; -0.907; -0.930; -0.422;  0.367;  0.019; -0.036;  1.000;  0.030
-2.618;  2.652; -0.866; -0.883; -0.500;  0.470;  0.023; -0.046;  1.000;  0.017
-2.571;  2.517; -0.841; -0.811; -0.540;  0.585;  0.026; -0.060;  1.000; -0.027
-2.509;  2.347; -0.807; -0.700; -0.591;  0.714;  0.028; -0.077;  0.997; -0.081
-2.450;  2.168; -0.770; -0.563; -0.638;  0.827;  0.029; -0.094;  0.990; -0.140
-2.445;  2.049; -0.767; -0.461; -0.641;  0.888;  0.025; -0.107;  0.980; -0.197
-2.489;  1.967; -0.794; -0.386; -0.607;  0.923;  0.016; -0.116;  0.966; -0.258
-2.539;  1.868; -0.824; -0.293; -0.567;  0.956;  0.004; -0.125;  0.944; -0.329
-2.580;  1.752; -0.846; -0.181; -0.532;  0.984; -0.010; -0.134;  0.916; -0.402
-2.596;  1.606; -0.855; -0.035; -0.519;  0.999; -0.025; -0.144;  0.880; -0.475
-2.568;  1.436; -0.840;  0.134; -0.543;  0.991; -0.037; -0.154;  0.844; -0.536
-2.553;  1.255; -0.832;  0.311; -0.555;  0.950; -0.054; -0.161;  0.797; -0.605
-2.556;  1.059; -0.833;  0.490; -0.553;  0.872; -0.075; -0.165;  0.733; -0.681
-2.563;  0.877; -0.837;  0.639; -0.547;  0.769; -0.096; -0.164;  0.665; -0.746
-2.555;  0.673; -0.833;  0.782; -0.553;  0.624; -0.117; -0.160;  0.589; -0.808
-2.500;  0.415; -0.801;  0.915; -0.598;  0.403; -0.134; -0.156;  0.504; -0.864
-2.414;  0.138; -0.747;  0.990; -0.665;  0.138; -0.146; -0.150;  0.419; -0.908
-2.355; -0.150; -0.706;  0.989; -0.708; -0.149; -0.159; -0.136;  0.313; -0.950
-2.325; -0.438; -0.684;  0.906; -0.729; -0.424; -0.171; -0.114;  0.189; -0.982
-2.248; -0.702; -0.627;  0.764; -0.779; -0.646; -0.171; -0.099;  0.096; -0.995
-2.154; -0.991; -0.550;  0.548; -0.835; -0.837; -0.165; -0.083; -0.002; -1.000
-2.107; -1.322; -0.511;  0.246; -0.859; -0.969; -0.157; -0.055; -0.143; -0.990
-2.095; -1.665; -0.501; -0.094; -0.866; -0.996; -0.140; -0.023; -0.304; -0.953
-2.096; -1.984; -0.502; -0.402; -0.865; -0.916; -0.115;  0.002; -0.453; -0.892
-2.070; -2.277; -0.479; -0.649; -0.878; -0.761; -0.087;  0.015; -0.567; -0.824
-2.013; -2.554; -0.427; -0.832; -0.904; -0.554; -0.059;  0.018; -0.654; -0.757
-1.922; -2.821; -0.344; -0.949; -0.939; -0.316; -0.031;  0.016; -0.718; -0.696
-1.783; -3.060; -0.210; -0.997; -0.978; -0.081; -0.011;  0.012; -0.739; -0.673
-1.630; -3.084; -0.059; -0.998; -0.998; -0.057; -0.005;  0.010; -0.709; -0.706
-1.463; -3.039;  0.108; -0.995; -0.994; -0.103; -0.012;  0.008; -0.629; -0.778
-1.282; -2.949;  0.285; -0.981; -0.959; -0.192; -0.022;  0.002; -0.518; -0.855
-1.068; -2.802;  0.482; -0.943; -0.876; -0.333; -0.034; -0.014; -0.356; -0.934
-0.803; -2.609;  0.695; -0.862; -0.719; -0.507; -0.037; -0.043; -0.135; -0.991
-0.520; -2.377;  0.868; -0.722; -0.497; -0.692; -0.020; -0.076;  0.122; -0.993
-0.202; -2.135;  0.980; -0.535; -0.201; -0.845;  0.022; -0.099;  0.391; -0.920
 0.166; -1.948;  0.986; -0.368;  0.166; -0.930;  0.076; -0.091;  0.629; -0.778
 0.550; -1.804;  0.852; -0.231;  0.523; -0.973;  0.120; -0.052;  0.810; -0.586
 0.928; -1.636;  0.599; -0.065;  0.800; -0.998;  0.143;  0.008;  0.938; -0.347
 1.264; -1.408;  0.302;  0.162;  0.953; -0.987;  0.139;  0.080;  0.997; -0.072
 1.559; -1.116;  0.012;  0.439;  1.000; -0.898;  0.101;  0.147;  0.976;  0.220
 1.849; -0.803; -0.275;  0.695;  0.962; -0.719;  0.028;  0.191;  0.866;  0.500
 2.120; -0.502; -0.522;  0.877;  0.853; -0.481; -0.057;  0.195;  0.690;  0.724
 2.393; -0.177; -0.733;  0.984;  0.681; -0.176; -0.139;  0.156;  0.446;  0.895
 2.694;  0.174; -0.901;  0.985;  0.433;  0.174; -0.196;  0.073;  0.136;  0.991
 3.013;  0.556; -0.992;  0.849;  0.128;  0.528; -0.199; -0.033; -0.212;  0.977
 3.269;  0.991; -0.992;  0.548; -0.127;  0.837; -0.146; -0.114; -0.536;  0.844
 3.261;  1.431; -0.993;  0.139; -0.119;  0.990; -0.101; -0.122; -0.701;  0.713
 3.207;  1.867; -0.998; -0.292; -0.066;  0.956; -0.061; -0.109; -0.823;  0.568
 3.151;  2.344; -1.000; -0.699; -0.010;  0.716; -0.022; -0.079; -0.923;  0.384
 3.108;  2.852; -0.999; -0.958;  0.034;  0.285;  0.004; -0.032; -0.987;  0.161
 3.088;  3.229; -0.999; -0.996;  0.053; -0.087;  0.010;  0.011; -1.000; -0.027
 3.110;  3.203; -1.000; -0.998;  0.031; -0.061;  0.010;  0.007; -1.000; -0.018
 3.147;  3.116; -1.000; -1.000; -0.006;  0.026;  0.010; -0.003; -1.000;  0.011
 3.152;  2.993; -1.000; -0.989; -0.010;  0.148;  0.009; -0.016; -0.998;  0.069
 3.114;  2.866; -1.000; -0.962;  0.028;  0.272;  0.005; -0.030; -0.989;  0.151
 3.050;  2.752; -0.996; -0.925;  0.092;  0.379; -0.002; -0.042; -0.971;  0.238
 3.005;  2.589; -0.991; -0.851;  0.137;  0.525; -0.014; -0.056; -0.941;  0.338
 3.002;  2.418; -0.990; -0.750;  0.139;  0.662; -0.028; -0.070; -0.908;  0.418
 2.994;  2.247; -0.989; -0.626;  0.147;  0.780; -0.043; -0.080; -0.867;  0.498
 2.967;  2.061; -0.985; -0.471;  0.174;  0.882; -0.064; -0.087; -0.809;  0.587
 2.950;  1.891; -0.982; -0.315;  0.190;  0.949; -0.084; -0.090; -0.751;  0.660
 2.963;  1.747; -0.984; -0.175;  0.178;  0.984; -0.099; -0.092; -0.706;  0.708
 3.026;  1.647; -0.993; -0.076;  0.115;  0.997; -0.104; -0.098; -0.693;  0.721
 3.122;  1.549; -1.000;  0.022;  0.020;  1.000; -0.105; -0.108; -0.692;  0.722
 3.173;  1.422; -1.000;  0.149; -0.031;  0.989; -0.113; -0.113; -0.665;  0.747
 3.153;  1.297; -1.000;  0.271; -0.012;  0.963; -0.129; -0.107; -0.609;  0.793
 3.138;  1.143; -1.000;  0.414;  0.003;  0.910; -0.146; -0.100; -0.541;  0.841
 3.151;  0.934; -1.000;  0.595; -0.009;  0.804; -0.165; -0.090; -0.455;  0.891
 3.151;  0.738; -1.000;  0.739; -0.009;  0.673; -0.181; -0.076; -0.365;  0.931
 3.148;  0.576; -1.000;  0.839; -0.006;  0.545; -0.192; -0.061; -0.287;  0.958
 3.145;  0.385; -1.000;  0.927; -0.003;  0.376; -0.202; -0.042; -0.193;  0.981
 3.137;  0.174; -1.000;  0.985;  0.005;  0.173; -0.208; -0.018; -0.085;  0.996
 3.085;  0.008; -0.998;  1.000;  0.057;  0.008; -0.210;  0.011;  0.025;  1.000
 2.979; -0.126; -0.987;  0.992;  0.162; -0.125; -0.204;  0.047;  0.144;  0.990
 2.888; -0.249; -0.968;  0.969;  0.251; -0.247; -0.193;  0.078;  0.249;  0.968
 2.823; -0.359; -0.950;  0.936;  0.314; -0.352; -0.181;  0.100;  0.333;  0.943
 2.776; -0.431; -0.934;  0.909;  0.358; -0.418; -0.170;  0.114;  0.388;  0.922
 2.730; -0.456; -0.916;  0.898;  0.400; -0.441; -0.163;  0.124;  0.420;  0.907
 2.667; -0.511; -0.890;  0.872;  0.457; -0.489; -0.150;  0.137;  0.473;  0.881
 2.628; -0.619; -0.871;  0.815;  0.491; -0.580; -0.134;  0.149;  0.536;  0.844
 2.649; -0.773; -0.881;  0.716;  0.473; -0.698; -0.121;  0.152;  0.591;  0.807
 2.717; -0.914; -0.911;  0.610;  0.412; -0.792; -0.116;  0.148;  0.621;  0.784
 2.791; -0.995; -0.939;  0.545;  0.344; -0.839; -0.119;  0.142;  0.623;  0.782
 2.866; -1.025; -0.962;  0.519;  0.272; -0.855; -0.126;  0.133;  0.605;  0.796
 2.936; -1.010; -0.979;  0.532;  0.204; -0.847; -0.136;  0.124;  0.571;  0.821
 2.990; -0.993; -0.989;  0.546;  0.151; -0.838; -0.144;  0.115;  0.542;  0.841
 3.077; -1.030; -0.998;  0.515;  0.064; -0.857; -0.150;  0.104;  0.520;  0.854
 3.173; -1.074; -1.000;  0.477; -0.031; -0.879; -0.154;  0.094;  0.503;  0.864
 3.178; -1.084; -0.999;  0.468; -0.037; -0.884; -0.155;  0.091;  0.500;  0.866
 3.165; -1.066; -1.000;  0.483; -0.023; -0.875; -0.155;  0.093;  0.498;  0.867
 3.154; -1.009; -1.000;  0.533; -0.012; -0.846; -0.160;  0.091;  0.478;  0.878
 3.147; -0.960; -1.000;  0.573; -0.006; -0.819; -0.164;  0.089;  0.459;  0.888
 3.124; -0.899; -1.000;  0.622;  0.018; -0.783; -0.167;  0.089;  0.443;  0.897
 3.046; -0.831; -0.995;  0.674;  0.095; -0.739; -0.166;  0.097;  0.447;  0.895
 2.949; -0.771; -0.981;  0.717;  0.192; -0.697; -0.161;  0.109;  0.463;  0.886
 2.850; -0.701; -0.958;  0.764;  0.287; -0.645; -0.156;  0.121;  0.476;  0.880
 2.771; -0.651; -0.932;  0.795;  0.362; -0.606; -0.151;  0.130;  0.489;  0.872
 2.700; -0.588; -0.904;  0.832;  0.428; -0.555; -0.147;  0.137;  0.493;  0.870
 2.587; -0.468; -0.850;  0.893;  0.527; -0.451; -0.142;  0.147;  0.489;  0.872
 2.434; -0.330; -0.760;  0.946;  0.650; -0.324; -0.132;  0.160;  0.496;  0.868
 2.296; -0.218; -0.663;  0.976;  0.748; -0.216; -0.120;  0.171;  0.507;  0.862
 2.166; -0.092; -0.560;  0.996;  0.828; -0.092; -0.109;  0.179;  0.509;  0.861
 2.043;  0.013; -0.455;  1.000;  0.891;  0.013; -0.097;  0.186;  0.517;  0.856
 1.972;  0.055; -0.391;  0.998;  0.920;  0.055; -0.088;  0.191;  0.529;  0.849
 1.933;  0.060; -0.354;  0.998;  0.935;  0.060; -0.080;  0.194;  0.543;  0.839
 1.949;  0.041; -0.370;  0.999;  0.929;  0.041; -0.082;  0.193;  0.545;  0.839
 2.029; -0.011; -0.443;  1.000;  0.897; -0.011; -0.092;  0.189;  0.532;  0.847
 2.145; -0.086; -0.543;  0.996;  0.840; -0.086; -0.106;  0.181;  0.516;  0.857
 2.278; -0.187; -0.650;  0.983;  0.760; -0.186; -0.120;  0.171;  0.501;  0.865
 2.452; -0.301; -0.772;  0.955;  0.636; -0.297; -0.137;  0.156;  0.475;  0.880
 2.617; -0.443; -0.866;  0.903;  0.500; -0.429; -0.149;  0.141;  0.465;  0.885
 2.753; -0.657; -0.926;  0.792;  0.379; -0.611; -0.148;  0.133;  0.499;  0.867
 2.928; -0.921; -0.977;  0.605;  0.212; -0.796; -0.144;  0.121;  0.537;  0.843
 3.136; -1.221; -1.000;  0.343;  0.006; -0.939; -0.137;  0.104;  0.576;  0.818
 3.230; -1.538; -0.996;  0.033; -0.089; -0.999; -0.113;  0.100;  0.661;  0.750
 3.197; -1.811; -0.998; -0.238; -0.056; -0.971; -0.080;  0.103;  0.769;  0.639
 3.119; -2.035; -1.000; -0.448;  0.022; -0.894; -0.049;  0.099;  0.857;  0.516
 3.028; -2.208; -0.994; -0.595;  0.113; -0.804; -0.024;  0.092;  0.917;  0.399
 2.943; -2.313; -0.980; -0.676;  0.197; -0.737; -0.009;  0.085;  0.951;  0.310
 2.854; -2.351; -0.959; -0.704;  0.284; -0.711;  0.001;  0.081;  0.969;  0.249
 2.779; -2.357; -0.935; -0.708;  0.355; -0.706;  0.007;  0.081;  0.978;  0.209
 2.749; -2.382; -0.924; -0.725;  0.383; -0.688;  0.010;  0.078;  0.983;  0.182
 2.759; -2.393; -0.928; -0.733;  0.373; -0.681;  0.010;  0.077;  0.983;  0.182
 2.766; -2.346; -0.930; -0.700;  0.366; -0.714;  0.007;  0.082;  0.978;  0.209
 2.731; -2.287; -0.917; -0.657;  0.399; -0.754;  0.008;  0.087;  0.975;  0.220
 2.643; -2.227; -0.878; -0.610;  0.478; -0.792;  0.013;  0.092;  0.978;  0.207
 2.498; -2.163; -0.800; -0.558;  0.600; -0.830;  0.024;  0.096;  0.986;  0.167
 2.335; -2.080; -0.692; -0.488;  0.722; -0.873;  0.037;  0.100;  0.992;  0.127
 2.144; -1.929; -0.543; -0.350;  0.840; -0.937;  0.053;  0.108;  0.994;  0.108
 1.926; -1.728; -0.348; -0.156;  0.938; -0.988;  0.073;  0.115;  0.995;  0.099
 1.687; -1.535; -0.116;  0.036;  0.993; -0.999;  0.097;  0.116;  0.997;  0.076
 1.445; -1.366;  0.126;  0.203;  0.992; -0.979;  0.122;  0.108;  0.999;  0.039
 1.231; -1.217;  0.333;  0.347;  0.943; -0.938;  0.143;  0.096;  1.000;  0.007
 1.042; -1.123;  0.504;  0.433;  0.864; -0.902;  0.160;  0.077;  0.999; -0.041
 0.881; -1.097;  0.636;  0.456;  0.771; -0.890;  0.171;  0.054;  0.994; -0.108
 0.699; -1.120;  0.766;  0.436;  0.643; -0.900;  0.177;  0.019;  0.978; -0.209
 0.464; -1.140;  0.894;  0.418;  0.448; -0.909;  0.175; -0.024;  0.943; -0.331
 0.202; -1.140;  0.980;  0.417;  0.201; -0.909;  0.163; -0.069;  0.892; -0.452
-0.101; -1.178;  0.995;  0.383; -0.101; -0.924;  0.131; -0.115;  0.802; -0.597
-0.444; -1.241;  0.903;  0.324; -0.430; -0.946;  0.078; -0.152;  0.666; -0.746
-0.808; -1.327;  0.691;  0.241; -0.723; -0.970;  0.010; -0.165;  0.482; -0.876
-1.211; -1.445;  0.352;  0.126; -0.936; -0.992; -0.062; -0.145;  0.241; -0.971
-1.629; -1.545; -0.058;  0.026; -0.998; -1.000; -0.116; -0.096; -0.016; -1.000
-2.041; -1.625; -0.453; -0.054; -0.891; -0.999; -0.141; -0.034; -0.259; -0.966
-2.475; -1.663; -0.786; -0.092; -0.618; -0.996; -0.138;  0.031; -0.478; -0.878
-2.892; -1.677; -0.969; -0.106; -0.247; -0.994; -0.113;  0.084; -0.655; -0.756
-3.219; -1.735; -0.997; -0.164;  0.077; -0.986; -0.079;  0.111; -0.773; -0.635
-3.252; -1.862; -0.994; -0.287;  0.110; -0.958; -0.056;  0.112; -0.835; -0.550
-3.212; -1.995; -0.997; -0.412;  0.071; -0.911; -0.047;  0.104; -0.859; -0.512
-3.146; -2.106; -1.000; -0.510;  0.005; -0.860; -0.043;  0.095; -0.870; -0.493
-3.076; -2.184; -0.998; -0.576; -0.066; -0.818; -0.042;  0.087; -0.872; -0.489
-3.061; -2.205; -0.997; -0.593; -0.080; -0.805; -0.042;  0.086; -0.874; -0.487
-3.053; -2.218; -0.996; -0.603; -0.088; -0.798; -0.041;  0.084; -0.875; -0.485
-2.979; -2.206; -0.987; -0.593; -0.162; -0.805; -0.049;  0.082; -0.853; -0.522
-2.857; -2.123; -0.960; -0.524; -0.281; -0.851; -0.067;  0.078; -0.795; -0.606
-2.763; -2.003; -0.929; -0.419; -0.370; -0.908; -0.087;  0.073; -0.726; -0.688
-2.730; -1.859; -0.917; -0.285; -0.400; -0.959; -0.105;  0.069; -0.662; -0.749
-2.709; -1.707; -0.908; -0.136; -0.419; -0.991; -0.123;  0.063; -0.595; -0.804
-2.668; -1.550; -0.890;  0.021; -0.456; -1.000; -0.141;  0.051; -0.513; -0.859
-2.617; -1.384; -0.865;  0.186; -0.501; -0.983; -0.158;  0.033; -0.416; -0.909
-2.549; -1.224; -0.830;  0.339; -0.558; -0.941; -0.172;  0.009; -0.311; -0.951
-2.432; -1.103; -0.759;  0.451; -0.651; -0.893; -0.177; -0.023; -0.196; -0.981
-2.256; -0.997; -0.633;  0.542; -0.774; -0.840; -0.173; -0.065; -0.056; -0.998
-2.039; -0.900; -0.452;  0.622; -0.892; -0.783; -0.153; -0.111;  0.101; -0.995
-1.846; -0.857; -0.271;  0.655; -0.962; -0.756; -0.127; -0.143;  0.218; -0.976
-1.667; -0.816; -0.096;  0.685; -0.995; -0.729; -0.097; -0.167;  0.323; -0.946
-1.439; -0.718;  0.131;  0.753; -0.991; -0.658; -0.048; -0.191;  0.472; -0.881
-1.210; -0.608;  0.353;  0.821; -0.936; -0.571;  0.008; -0.200;  0.614; -0.789
-1.038; -0.500;  0.508;  0.877; -0.861; -0.480;  0.054; -0.196;  0.719; -0.695
-0.864; -0.351;  0.649;  0.939; -0.760; -0.344;  0.103; -0.179;  0.821; -0.571
-0.624; -0.204;  0.811;  0.979; -0.585; -0.203;  0.155; -0.140;  0.915; -0.403
-0.355; -0.077;  0.938;  0.997; -0.347; -0.076;  0.194; -0.081;  0.977; -0.214
-0.103;  0.044;  0.995;  0.999; -0.103;  0.044;  0.209; -0.017;  1.000; -0.030
 0.125;  0.155;  0.992;  0.988;  0.124;  0.154;  0.205;  0.043;  0.990;  0.139
 0.349;  0.230;  0.940;  0.974;  0.342;  0.228;  0.186;  0.094;  0.958;  0.285
 0.577;  0.283;  0.838;  0.960;  0.545;  0.280;  0.156;  0.138;  0.909;  0.417
 0.764;  0.341;  0.722;  0.942;  0.691;  0.334;  0.122;  0.167;  0.851;  0.525
 0.929;  0.355;  0.599;  0.938;  0.801;  0.348;  0.091;  0.186;  0.801;  0.599
 1.123;  0.369;  0.433;  0.933;  0.902;  0.361;  0.052;  0.200;  0.734;  0.679
 1.311;  0.382;  0.256;  0.928;  0.967;  0.373;  0.012;  0.206;  0.663;  0.749
 1.479;  0.336;  0.091;  0.944;  0.996;  0.329; -0.017;  0.206;  0.616;  0.788
 1.671;  0.243; -0.100;  0.971;  0.995;  0.240; -0.047;  0.203;  0.576;  0.818
 1.863;  0.142; -0.288;  0.990;  0.958;  0.141; -0.075;  0.196;  0.538;  0.843
 2.041;  0.044; -0.453;  0.999;  0.892;  0.044; -0.099;  0.185;  0.504;  0.864
 2.240; -0.032; -0.620;  1.000;  0.784; -0.032; -0.127;  0.167;  0.450;  0.893
 2.484; -0.094; -0.792;  0.996;  0.611; -0.094; -0.160;  0.136;  0.367;  0.930
 2.724; -0.150; -0.914;  0.989;  0.405; -0.150; -0.184;  0.100;  0.280;  0.960
 2.903; -0.214; -0.972;  0.977;  0.237; -0.213; -0.196;  0.072;  0.225;  0.974
 3.074; -0.306; -0.998;  0.953;  0.067; -0.302; -0.202;  0.047;  0.186;  0.983
 3.209; -0.412; -0.998;  0.916; -0.067; -0.400; -0.204;  0.029;  0.168;  0.986
 3.205; -0.529; -0.998;  0.863; -0.063; -0.505; -0.198;  0.043;  0.230;  0.973
 3.179; -0.614; -0.999;  0.818; -0.037; -0.576; -0.192;  0.056;  0.284;  0.959
 3.128; -0.651; -1.000;  0.795;  0.014; -0.606; -0.187;  0.069;  0.326;  0.945
 3.038; -0.677; -0.995;  0.779;  0.103; -0.626; -0.178;  0.088;  0.380;  0.925
 2.975; -0.685; -0.986;  0.775;  0.165; -0.632; -0.171;  0.099;  0.413;  0.911
 2.965; -0.636; -0.985;  0.804;  0.175; -0.594; -0.174;  0.097;  0.395;  0.919
 2.988; -0.527; -0.988;  0.864;  0.153; -0.503; -0.184;  0.084;  0.333;  0.943
 2.997; -0.381; -0.989;  0.928;  0.145; -0.371; -0.194;  0.070;  0.260;  0.966
 2.982; -0.222; -0.987;  0.976;  0.159; -0.220; -0.201;  0.057;  0.190;  0.982
 2.961; -0.052; -0.984;  0.999;  0.180; -0.052; -0.205;  0.043;  0.116;  0.993
 2.911;  0.087; -0.973;  0.996;  0.229;  0.087; -0.206;  0.039;  0.072;  0.997
 2.846;  0.182; -0.957;  0.984;  0.291;  0.181; -0.205;  0.042;  0.057;  0.998
 2.792;  0.266; -0.940;  0.965;  0.342;  0.263; -0.204;  0.043;  0.042;  0.999
 2.774;  0.338; -0.933;  0.944;  0.359;  0.331; -0.203;  0.039;  0.015;  1.000
 2.782;  0.428; -0.936;  0.910;  0.352;  0.415; -0.203;  0.028; -0.034;  0.999
 2.784;  0.576; -0.937;  0.839;  0.350;  0.544; -0.201;  0.011; -0.109;  0.994
 2.801;  0.723; -0.943;  0.750;  0.334;  0.662; -0.196; -0.008; -0.190;  0.982
 2.860;  0.854; -0.961;  0.657;  0.278;  0.754; -0.189; -0.032; -0.282;  0.959
 2.922;  1.011; -0.976;  0.531;  0.218;  0.848; -0.175; -0.057; -0.386;  0.923
 3.001;  1.163; -0.990;  0.396;  0.140;  0.918; -0.156; -0.080; -0.489;  0.872
 3.104;  1.292; -0.999;  0.276;  0.037;  0.961; -0.134; -0.101; -0.587;  0.810
 3.165;  1.398; -1.000;  0.172; -0.024;  0.985; -0.116; -0.111; -0.654;  0.757
 3.165;  1.455; -1.000;  0.116; -0.024;  0.993; -0.110; -0.112; -0.674;  0.739
 3.146;  1.499; -1.000;  0.072; -0.004;  0.997; -0.107; -0.110; -0.683;  0.731
 3.140;  1.603; -1.000; -0.032;  0.002;  0.999; -0.097; -0.110; -0.718;  0.697
 3.154;  1.718; -1.000; -0.147; -0.012;  0.989; -0.082; -0.110; -0.762;  0.648
 3.144;  1.796; -1.000; -0.223; -0.002;  0.975; -0.075; -0.107; -0.783;  0.622
 3.130;  1.829; -1.000; -0.256;  0.012;  0.967; -0.073; -0.106; -0.789;  0.615
 3.147;  1.839; -1.000; -0.265; -0.005;  0.964; -0.071; -0.106; -0.794;  0.608
 3.133;  1.826; -1.000; -0.252;  0.009;  0.968; -0.073; -0.106; -0.789;  0.615
 3.079;  1.775; -0.998; -0.203;  0.062;  0.979; -0.084; -0.103; -0.755;  0.655
 3.054;  1.693; -0.996; -0.122;  0.088;  0.992; -0.096; -0.101; -0.719;  0.695
 3.042;  1.570; -0.995;  0.001;  0.099;  1.000; -0.111; -0.100; -0.671;  0.742
 3.034;  1.457; -0.994;  0.113;  0.107;  0.994; -0.124; -0.097; -0.625;  0.781
 3.081;  1.346; -0.998;  0.223;  0.061;  0.975; -0.131; -0.099; -0.599;  0.801
 3.168;  1.180; -1.000;  0.381; -0.026;  0.925; -0.141; -0.103; -0.559;  0.829
 3.176;  0.959; -0.999;  0.575; -0.035;  0.818; -0.160; -0.096; -0.477;  0.879
 3.163;  0.714; -1.000;  0.756; -0.022;  0.654; -0.182; -0.076; -0.360;  0.933
 3.153;  0.444; -1.000;  0.903; -0.012;  0.430; -0.199; -0.050; -0.226;  0.974
 3.138;  0.148; -1.000;  0.989;  0.004;  0.147; -0.209; -0.015; -0.072;  0.997
 3.118; -0.099; -1.000;  0.995;  0.024; -0.099; -0.209;  0.016;  0.061;  0.998
 3.124; -0.283; -1.000;  0.960;  0.018; -0.279; -0.205;  0.034;  0.150;  0.989
 3.157; -0.411; -1.000;  0.917; -0.015; -0.400; -0.202;  0.041;  0.196;  0.981
 3.157; -0.501; -1.000;  0.877; -0.016; -0.480; -0.197;  0.050;  0.240;  0.971
 3.150; -0.558; -1.000;  0.848; -0.009; -0.530; -0.194;  0.057;  0.271;  0.962
 3.130; -0.562; -1.000;  0.846;  0.012; -0.533; -0.192;  0.061;  0.283;  0.959
 3.076; -0.553; -0.998;  0.851;  0.065; -0.526; -0.189;  0.070;  0.304;  0.953
 2.996; -0.540; -0.989;  0.858;  0.145; -0.514; -0.184;  0.084;  0.336;  0.942
 2.940; -0.526; -0.980;  0.865;  0.201; -0.502; -0.180;  0.093;  0.356;  0.934
 2.891; -0.523; -0.969;  0.866;  0.248; -0.500; -0.176;  0.102;  0.378;  0.926
 2.809; -0.535; -0.945;  0.860;  0.327; -0.510; -0.166;  0.117;  0.420;  0.907
 2.692; -0.543; -0.901;  0.856;  0.435; -0.517; -0.150;  0.136;  0.476;  0.879
 2.557; -0.510; -0.834;  0.873;  0.552; -0.488; -0.134;  0.153;  0.520;  0.854
 2.405; -0.437; -0.741;  0.906;  0.672; -0.424; -0.117;  0.169;  0.554;  0.833
 2.257; -0.317; -0.634;  0.950;  0.774; -0.312; -0.103;  0.180;  0.565;  0.825
 2.167; -0.175; -0.562;  0.985;  0.827; -0.174; -0.101;  0.183;  0.544;  0.839
 2.140; -0.073; -0.539;  0.997;  0.842; -0.073; -0.106;  0.181;  0.512;  0.859
 2.183; -0.047; -0.574;  0.999;  0.819; -0.047; -0.116;  0.175;  0.482;  0.876
 2.264; -0.064; -0.639;  0.998;  0.769; -0.064; -0.129;  0.166;  0.454;  0.891
 2.383; -0.055; -0.726;  0.999;  0.688; -0.055; -0.148;  0.149;  0.396;  0.918
 2.553; -0.041; -0.832;  0.999;  0.555; -0.041; -0.172;  0.120;  0.309;  0.951
 2.776; -0.035; -0.934;  0.999;  0.358; -0.035; -0.195;  0.079;  0.199;  0.980
 3.042; -0.001; -0.995;  1.000;  0.099; -0.001; -0.209;  0.021;  0.050;  0.999
 3.249;  0.071; -0.994;  0.998; -0.107;  0.070; -0.207; -0.032; -0.094;  0.996
 3.242;  0.136; -0.995;  0.991; -0.100;  0.135; -0.206; -0.036; -0.119;  0.993
 3.201;  0.184; -0.998;  0.983; -0.059;  0.183; -0.207; -0.033; -0.122;  0.993
 3.161;  0.248; -1.000;  0.969; -0.019;  0.245; -0.206; -0.031; -0.133;  0.991
 3.084;  0.347; -0.998;  0.940;  0.057;  0.340; -0.205; -0.026; -0.144;  0.990
 2.950;  0.510; -0.982;  0.873;  0.190;  0.488; -0.203; -0.015; -0.159;  0.987
 2.786;  0.672; -0.938;  0.782;  0.348;  0.623; -0.198;  0.000; -0.158;  0.987
 2.638;  0.765; -0.876;  0.721;  0.482;  0.693; -0.194;  0.020; -0.131;  0.991
 2.494;  0.851; -0.797;  0.659;  0.603;  0.752; -0.187;  0.038; -0.101;  0.995
 2.337;  0.953; -0.693;  0.579;  0.720;  0.815; -0.178;  0.056; -0.074;  0.997
 2.190;  1.048; -0.581;  0.499;  0.814;  0.867; -0.168;  0.071; -0.048;  0.999
 2.086;  1.156; -0.493;  0.403;  0.870;  0.915; -0.159;  0.076; -0.050;  0.999
 2.005;  1.258; -0.421;  0.307;  0.907;  0.952; -0.151;  0.077; -0.061;  0.998
 1.913;  1.318; -0.336;  0.250;  0.942;  0.968; -0.143;  0.084; -0.045;  0.999
 1.822;  1.361; -0.248;  0.209;  0.969;  0.978; -0.135;  0.092; -0.020;  1.000
 1.712;  1.406; -0.140;  0.164;  0.990;  0.986; -0.124;  0.102;  0.012;  1.000
 1.559;  1.436;  0.012;  0.134;  1.000;  0.991; -0.108;  0.116;  0.073;  0.997
 1.399;  1.458;  0.171;  0.113;  0.985;  0.994; -0.088;  0.130;  0.142;  0.990
 1.263;  1.498;  0.303;  0.073;  0.953;  0.997; -0.072;  0.136;  0.189;  0.982
 1.146;  1.585;  0.412; -0.014;  0.911;  1.000; -0.060;  0.135;  0.204;  0.979
 1.015;  1.710;  0.527; -0.138;  0.850;  0.990; -0.048;  0.129;  0.207;  0.978
 0.892;  1.848;  0.628; -0.273;  0.778;  0.962; -0.038;  0.121;  0.200;  0.980
 0.769;  1.948;  0.719; -0.369;  0.696;  0.930; -0.028;  0.115;  0.210;  0.978
 0.639;  2.026;  0.803; -0.440;  0.596;  0.898; -0.017;  0.110;  0.236;  0.972
 0.553;  2.108;  0.851; -0.512;  0.525;  0.859; -0.012;  0.103;  0.238;  0.971
 0.461;  2.182;  0.896; -0.573;  0.445;  0.819; -0.007;  0.097;  0.247;  0.969
 0.354;  2.283;  0.938; -0.654;  0.347;  0.757; -0.003;  0.088;  0.249;  0.968
 0.285;  2.427;  0.960; -0.755;  0.281;  0.656; -0.004;  0.074;  0.214;  0.977
 0.262;  2.574;  0.966; -0.843;  0.259;  0.538; -0.008;  0.059;  0.152;  0.988
 0.226;  2.678;  0.975; -0.895;  0.224;  0.447; -0.009;  0.048;  0.118;  0.993
 0.181;  2.726;  0.984; -0.915;  0.180;  0.403; -0.009;  0.044;  0.117;  0.993
 0.135;  2.722;  0.991; -0.913;  0.135;  0.407; -0.006;  0.044;  0.142;  0.990
 0.067;  2.723;  0.998; -0.914;  0.067;  0.406; -0.004;  0.045;  0.175;  0.985
 0.014;  2.765;  1.000; -0.930;  0.014;  0.368; -0.003;  0.040;  0.180;  0.984
-0.020;  2.775;  1.000; -0.934; -0.020;  0.359; -0.002;  0.039;  0.192;  0.981
-0.034;  2.790;  0.999; -0.939; -0.034;  0.344; -0.002;  0.038;  0.192;  0.981
-0.018;  2.805;  1.000; -0.944; -0.018;  0.330; -0.003;  0.036;  0.176;  0.984
-0.019;  2.789;  1.000; -0.938; -0.019;  0.346; -0.002;  0.038;  0.185;  0.983
-0.058;  2.802;  0.998; -0.943; -0.058;  0.333; -0.002;  0.037;  0.197;  0.980
-0.059;  2.814;  0.998; -0.947; -0.059;  0.322; -0.002;  0.036;  0.192;  0.981
-0.058;  2.794;  0.998; -0.940; -0.058;  0.341; -0.001;  0.038;  0.201;  0.979
-0.059;  2.732;  0.998; -0.917; -0.058;  0.398;  0.002;  0.044;  0.232;  0.973
-0.038;  2.668;  0.999; -0.890; -0.038;  0.456;  0.004;  0.050;  0.253;  0.967
-0.026;  2.670;  1.000; -0.891; -0.026;  0.454;  0.003;  0.050;  0.246;  0.969
 0.028;  2.693;  1.000; -0.901;  0.028;  0.434; -0.000;  0.048;  0.209;  0.978
 0.088;  2.733;  0.996; -0.918;  0.088;  0.397; -0.005;  0.043;  0.159;  0.987
 0.115;  2.777;  0.993; -0.934;  0.115;  0.357; -0.007;  0.039;  0.125;  0.992
 0.109;  2.812;  0.994; -0.946;  0.109;  0.323; -0.008;  0.035;  0.110;  0.994
 0.111;  2.894;  0.994; -0.969;  0.111;  0.246; -0.010;  0.026;  0.068;  0.998
 0.152;  2.961;  0.988; -0.984;  0.152;  0.179; -0.011;  0.018;  0.014;  1.000
 0.193;  2.978;  0.981; -0.987;  0.192;  0.163; -0.012;  0.016; -0.015;  1.000
 0.266;  2.941;  0.965; -0.980;  0.263;  0.200; -0.013;  0.019; -0.033;  0.999
 0.377;  2.856;  0.930; -0.959;  0.368;  0.282; -0.017;  0.027; -0.045;  0.999
 0.506;  2.790;  0.875; -0.939;  0.484;  0.344; -0.021;  0.032; -0.077;  0.997
 0.622;  2.791;  0.813; -0.939;  0.583;  0.343; -0.025;  0.029; -0.135;  0.991
 0.695;  2.815;  0.768; -0.947;  0.640;  0.321; -0.026;  0.024; -0.183;  0.983
 0.728;  2.849;  0.746; -0.958;  0.665;  0.288; -0.025;  0.020; -0.216;  0.976
 0.773;  2.915;  0.716; -0.975;  0.698;  0.224; -0.022;  0.013; -0.270;  0.963
 0.861;  3.000;  0.652; -0.990;  0.758;  0.141; -0.018;  0.003; -0.352;  0.936
 0.966;  3.030;  0.569; -0.994;  0.822;  0.112; -0.015; -0.001; -0.415;  0.910
 1.108;  3.022;  0.447; -0.993;  0.895;  0.119; -0.016; -0.002; -0.475;  0.880
 1.256;  3.013;  0.309; -0.992;  0.951;  0.128; -0.016; -0.004; -0.535;  0.845
 1.406;  3.007;  0.165; -0.991;  0.986;  0.134; -0.016; -0.006; -0.593;  0.805
 1.590;  2.991; -0.019; -0.989;  1.000;  0.150; -0.016; -0.009; -0.659;  0.752
 1.762;  2.947; -0.190; -0.981;  0.982;  0.194; -0.019; -0.012; -0.706;  0.708
 1.935;  2.922; -0.356; -0.976;  0.934;  0.218; -0.020; -0.015; -0.756;  0.654
 2.111;  2.961; -0.514; -0.984;  0.857;  0.180; -0.013; -0.017; -0.822;  0.569
 2.261;  3.003; -0.637; -0.990;  0.771;  0.138; -0.006; -0.017; -0.873;  0.488
 2.383;  3.010; -0.726; -0.991;  0.688;  0.131; -0.003; -0.017; -0.903;  0.430
 2.507;  2.978; -0.805; -0.987;  0.593;  0.163; -0.004; -0.019; -0.921;  0.388
 2.690;  2.908; -0.900; -0.973;  0.437;  0.231; -0.005; -0.026; -0.942;  0.336
 2.911;  2.847; -0.973; -0.957;  0.229;  0.290; -0.002; -0.032; -0.966;  0.260
 3.171;  2.800; -1.000; -0.942; -0.029;  0.335;  0.005; -0.037; -0.988;  0.156
 3.248;  2.764; -0.994; -0.930; -0.106;  0.368;  0.007; -0.040; -0.991;  0.132
 3.216;  2.736; -0.997; -0.919; -0.074;  0.395;  0.004; -0.043; -0.986;  0.165
 3.182;  2.712; -0.999; -0.909; -0.041;  0.416;  0.002; -0.046; -0.981;  0.193
 3.162;  2.665; -1.000; -0.889; -0.020;  0.458; -0.001; -0.050; -0.974;  0.226
 3.139;  2.576; -1.000; -0.844;  0.003;  0.536; -0.007; -0.059; -0.960;  0.280
 3.146;  2.504; -1.000; -0.803; -0.005;  0.595; -0.011; -0.066; -0.950;  0.311
 3.157;  2.476; -1.000; -0.787; -0.015;  0.617; -0.012; -0.068; -0.948;  0.319
 3.152;  2.503; -1.000; -0.803; -0.010;  0.596; -0.011; -0.066; -0.951;  0.309
 3.114;  2.553; -1.000; -0.832;  0.028;  0.555; -0.010; -0.061; -0.953;  0.304
 3.065;  2.596; -0.997; -0.855;  0.077;  0.519; -0.010; -0.056; -0.952;  0.306
 3.013;  2.635; -0.992; -0.874;  0.128;  0.485; -0.011; -0.052; -0.950;  0.312
 2.903;  2.693; -0.972; -0.901;  0.237;  0.433; -0.012; -0.046; -0.942;  0.337
 2.784;  2.774; -0.937; -0.933;  0.350;  0.359; -0.011; -0.038; -0.935;  0.354
 2.698;  2.873; -0.903; -0.964;  0.430;  0.265; -0.007; -0.029; -0.937;  0.349
 2.654;  2.981; -0.883; -0.987;  0.469;  0.160; -0.001; -0.020; -0.948;  0.319
 2.652;  3.024; -0.883; -0.993;  0.470;  0.117;  0.002; -0.016; -0.955;  0.298
 2.662;  3.020; -0.887; -0.993;  0.461;  0.121;  0.002; -0.016; -0.955;  0.296
 2.664;  3.012; -0.888; -0.992;  0.459;  0.129;  0.002; -0.017; -0.954;  0.299
 2.672;  3.006; -0.892; -0.991;  0.452;  0.135;  0.001; -0.017; -0.955;  0.298
 2.679;  2.979; -0.895; -0.987;  0.446;  0.162; -0.000; -0.020; -0.952;  0.308
 2.652;  2.944; -0.882; -0.980;  0.471;  0.197; -0.003; -0.023; -0.941;  0.337
 2.588;  2.907; -0.851; -0.973;  0.526;  0.232; -0.007; -0.025; -0.923;  0.384
 2.502;  2.836; -0.802; -0.954;  0.597;  0.301; -0.016; -0.029; -0.890;  0.456
 2.437;  2.757; -0.762; -0.927;  0.648;  0.376; -0.025; -0.033; -0.855;  0.518
 2.406;  2.667; -0.741; -0.889;  0.671;  0.457; -0.035; -0.036; -0.822;  0.569
 2.364;  2.539; -0.713; -0.824;  0.701;  0.567; -0.050; -0.038; -0.771;  0.637
 2.324;  2.425; -0.684; -0.754;  0.730;  0.657; -0.064; -0.037; -0.720;  0.694
 2.342;  2.315; -0.697; -0.678;  0.717;  0.735; -0.076; -0.038; -0.687;  0.726
 2.414;  2.197; -0.747; -0.586;  0.665;  0.810; -0.086; -0.043; -0.670;  0.742
 2.488;  2.113; -0.794; -0.516;  0.608;  0.857; -0.092; -0.049; -0.667;  0.745
 2.574;  2.053; -0.843; -0.463;  0.538;  0.886; -0.094; -0.056; -0.676;  0.737
 2.653;  2.022; -0.883; -0.436;  0.470;  0.900; -0.092; -0.063; -0.694;  0.720
 2.693;  2.020; -0.901; -0.434;  0.434;  0.901; -0.090; -0.067; -0.707;  0.707
 2.744;  2.030; -0.922; -0.443;  0.387;  0.896; -0.085; -0.071; -0.729;  0.685
 2.781;  2.043; -0.936; -0.455;  0.353;  0.890; -0.081; -0.074; -0.745;  0.667
 2.760;  2.051; -0.928; -0.462;  0.373;  0.887; -0.082; -0.072; -0.741;  0.671
 2.718;  2.047; -0.912; -0.459;  0.411;  0.889; -0.085; -0.069; -0.726;  0.688
 2.667;  2.004; -0.890; -0.420;  0.457;  0.908; -0.093; -0.064; -0.692;  0.721
 2.610;  1.922; -0.862; -0.344;  0.507;  0.939; -0.106; -0.058; -0.640;  0.768
 2.566;  1.798; -0.839; -0.225;  0.544;  0.974; -0.121; -0.049; -0.574;  0.819
 2.563;  1.648; -0.837; -0.078;  0.547;  0.997; -0.137; -0.042; -0.510;  0.860
 2.589;  1.510; -0.851;  0.060;  0.525;  0.998; -0.148; -0.038; -0.461;  0.887
 2.603;  1.369; -0.858;  0.200;  0.513;  0.980; -0.160; -0.030; -0.403;  0.915
 2.639;  1.230; -0.876;  0.334;  0.482;  0.942; -0.170; -0.025; -0.355;  0.935
 2.685;  1.140; -0.898;  0.418;  0.441;  0.909; -0.175; -0.025; -0.335;  0.942
 2.698;  1.117; -0.903;  0.438;  0.429;  0.899; -0.176; -0.026; -0.331;  0.944
 2.678;  1.092; -0.895;  0.461;  0.447;  0.887; -0.178; -0.020; -0.309;  0.951
 2.607;  1.062; -0.860;  0.487;  0.510;  0.874; -0.181; -0.004; -0.261;  0.965
 2.521;  1.021; -0.813;  0.522;  0.582;  0.853; -0.183;  0.015; -0.199;  0.980
 2.440;  0.938; -0.764;  0.592;  0.645;  0.806; -0.183;  0.039; -0.118;  0.993
 2.358;  0.883; -0.709;  0.634;  0.706;  0.773; -0.180;  0.060; -0.050;  0.999
 2.318;  0.887; -0.680;  0.632;  0.734;  0.775; -0.178;  0.066; -0.032;  0.999
 2.315;  0.898; -0.677;  0.623;  0.736;  0.782; -0.177;  0.066; -0.036;  0.999
 2.291;  0.879; -0.659;  0.638;  0.752;  0.770; -0.176;  0.072; -0.014;  1.000
 2.246;  0.841; -0.625;  0.666;  0.781;  0.746; -0.172;  0.084;  0.027;  1.000
 2.232;  0.791; -0.614;  0.703;  0.790;  0.711; -0.171;  0.092;  0.059;  0.998
 2.267;  0.757; -0.641;  0.727;  0.767;  0.686; -0.173;  0.090;  0.059;  0.998
 2.357;  0.745; -0.708;  0.735;  0.706;  0.678; -0.181;  0.075;  0.020;  1.000
 2.437;  0.694; -0.762;  0.768;  0.647;  0.640; -0.186;  0.066;  0.005;  1.000
 2.509;  0.632; -0.807;  0.807;  0.591;  0.591; -0.191;  0.059;  0.000;  1.000
 2.580;  0.560; -0.846;  0.847;  0.533;  0.532; -0.195;  0.053;  0.001;  1.000
 2.592;  0.449; -0.853;  0.901;  0.522;  0.434; -0.195;  0.063;  0.050;  0.999
 2.580;  0.296; -0.847;  0.956;  0.532;  0.292; -0.191;  0.082;  0.132;  0.991
 2.581;  0.097; -0.847;  0.995;  0.532;  0.097; -0.183;  0.102;  0.229;  0.973
 2.572; -0.104; -0.842;  0.995;  0.540; -0.104; -0.170;  0.123;  0.331;  0.944
 2.578; -0.327; -0.845;  0.947;  0.534; -0.321; -0.154;  0.139;  0.431;  0.903
 2.642; -0.543; -0.878;  0.856;  0.479; -0.517; -0.143;  0.143;  0.498;  0.867
 2.723; -0.760; -0.914;  0.725;  0.406; -0.689; -0.133;  0.142;  0.556;  0.831
 2.779; -1.027; -0.935;  0.518;  0.355; -0.856; -0.113;  0.144;  0.640;  0.768
 2.801; -1.286; -0.942;  0.281;  0.334; -0.960; -0.088;  0.143;  0.727;  0.687
 2.773; -1.486; -0.933;  0.084;  0.360; -0.996; -0.062;  0.142;  0.800;  0.600
 2.681; -1.666; -0.896; -0.095;  0.444; -0.995; -0.032;  0.138;  0.874;  0.486
 2.598; -1.876; -0.856; -0.301;  0.517; -0.954; -0.003;  0.124;  0.936;  0.353
 2.548; -2.103; -0.829; -0.508;  0.559; -0.861;  0.016;  0.103;  0.975;  0.220
 2.516; -2.288; -0.811; -0.657;  0.586; -0.754;  0.026;  0.083;  0.993;  0.114
 2.519; -2.433; -0.813; -0.759;  0.583; -0.651;  0.028;  0.068;  0.999;  0.043
 2.514; -2.560; -0.809; -0.836;  0.587; -0.549;  0.029;  0.054;  1.000; -0.023
 2.496; -2.668; -0.799; -0.890;  0.602; -0.456;  0.029;  0.041;  0.996; -0.086
 2.486; -2.777; -0.793; -0.934;  0.610; -0.357;  0.026;  0.029;  0.989; -0.145
 2.455; -2.909; -0.774; -0.973;  0.634; -0.230;  0.022;  0.015;  0.974; -0.225
 2.377; -3.062; -0.722; -0.997;  0.692; -0.079;  0.015;  0.002;  0.947; -0.322
 2.236; -3.072; -0.617; -0.998;  0.787; -0.070;  0.012; -0.003;  0.913; -0.407
 2.073; -3.026; -0.482; -0.993;  0.876; -0.115;  0.016; -0.002;  0.889; -0.459
 1.937; -2.927; -0.358; -0.977;  0.934; -0.212;  0.025;  0.001;  0.880; -0.475
 1.794; -2.837; -0.222; -0.954;  0.975; -0.300;  0.033;  0.003;  0.867; -0.498
 1.639; -2.792; -0.069; -0.940;  0.998; -0.342;  0.038; -0.001;  0.838; -0.545
 1.473; -2.789;  0.098; -0.938;  0.995; -0.346;  0.038; -0.007;  0.791; -0.611
 1.307; -2.843;  0.260; -0.956;  0.965; -0.295;  0.030; -0.013;  0.720; -0.694
 1.193; -2.885;  0.369; -0.967;  0.930; -0.254;  0.024; -0.016;  0.663; -0.748
 1.113; -2.898;  0.442; -0.971;  0.897; -0.241;  0.021; -0.018;  0.627; -0.779
 1.071; -2.941;  0.479; -0.980;  0.878; -0.199;  0.015; -0.017;  0.594; -0.805
 1.091; -3.009;  0.462; -0.991;  0.887; -0.132;  0.009; -0.015;  0.574; -0.819
 1.142; -3.028;  0.415; -0.994;  0.910; -0.113;  0.007; -0.014;  0.587; -0.810
 1.229; -3.020;  0.336; -0.993;  0.942; -0.122;  0.009; -0.013;  0.625; -0.781
 1.309; -3.012;  0.259; -0.992;  0.966; -0.129;  0.011; -0.012;  0.659; -0.752
 1.347; -3.007;  0.222; -0.991;  0.975; -0.134;  0.012; -0.012;  0.675; -0.738
 1.341; -3.004;  0.228; -0.991;  0.974; -0.137;  0.013; -0.012;  0.674; -0.739
 1.308; -2.995;  0.260; -0.989;  0.966; -0.146;  0.013; -0.013;  0.665; -0.747
 1.278; -2.944;  0.289; -0.981;  0.957; -0.196;  0.018; -0.014;  0.673; -0.740
 1.237; -2.874;  0.327; -0.964;  0.945; -0.265;  0.026; -0.015;  0.684; -0.730
 1.183; -2.840;  0.379; -0.955;  0.926; -0.297;  0.028; -0.017;  0.676; -0.737
 1.104; -2.824;  0.450; -0.950;  0.893; -0.313;  0.029; -0.019;  0.653; -0.758
 1.001; -2.807;  0.539; -0.945;  0.842; -0.328;  0.028; -0.023;  0.619; -0.785
 0.892; -2.815;  0.628; -0.947;  0.778; -0.321;  0.025; -0.025;  0.572; -0.820
 0.774; -2.832;  0.715; -0.952;  0.699; -0.305;  0.020; -0.027;  0.516; -0.857
 0.619; -2.819;  0.814; -0.948;  0.580; -0.317;  0.017; -0.031;  0.454; -0.891
 0.466; -2.787;  0.893; -0.938;  0.450; -0.347;  0.014; -0.036;  0.399; -0.917
 0.313; -2.789;  0.951; -0.938;  0.308; -0.346;  0.009; -0.037;  0.327; -0.945
 0.103; -2.859;  0.995; -0.960;  0.103; -0.279; -0.002; -0.031;  0.192; -0.981
-0.143; -2.933;  0.990; -0.978; -0.143; -0.207; -0.011; -0.021;  0.033; -0.999
-0.386; -2.957;  0.927; -0.983; -0.376; -0.184; -0.015; -0.016; -0.100; -0.995
-0.646; -2.965;  0.799; -0.984; -0.602; -0.176; -0.018; -0.010; -0.232; -0.973
-0.934; -2.996;  0.594; -0.989; -0.804; -0.145; -0.018; -0.002; -0.384; -0.923
-1.216; -3.023;  0.348; -0.993; -0.938; -0.119; -0.015;  0.004; -0.522; -0.853
-1.460; -3.018;  0.111; -0.992; -0.994; -0.124; -0.015;  0.008; -0.620; -0.785
-1.707; -3.010; -0.136; -0.991; -0.991; -0.131; -0.013;  0.011; -0.709; -0.705
-2.007; -3.006; -0.422; -0.991; -0.906; -0.136; -0.010;  0.014; -0.805; -0.594
-2.293; -3.004; -0.661; -0.991; -0.751; -0.137; -0.005;  0.017; -0.881; -0.474
-2.542; -3.003; -0.826; -0.990; -0.564; -0.139; -0.001;  0.018; -0.933; -0.361
-2.821; -3.002; -0.949; -0.990; -0.316; -0.139;  0.004;  0.017; -0.974; -0.228
-3.157; -2.989; -1.000; -0.988;  0.016; -0.152;  0.009;  0.017; -0.998; -0.069
-3.260; -2.949; -0.993; -0.981;  0.118; -0.192;  0.011;  0.020; -0.999; -0.034
-3.226; -2.912; -0.996; -0.974;  0.084; -0.227;  0.009;  0.024; -0.997; -0.072
-3.150; -2.896; -1.000; -0.970;  0.009; -0.244;  0.007;  0.027; -0.993; -0.118
-3.016; -2.904; -0.992; -0.972; -0.125; -0.235;  0.004;  0.027; -0.984; -0.180
-2.842; -2.921; -0.955; -0.976; -0.295; -0.219; -0.000;  0.025; -0.966; -0.257
-2.673; -2.918; -0.892; -0.975; -0.452; -0.222; -0.005;  0.025; -0.941; -0.340
-2.499; -2.942; -0.801; -0.980; -0.599; -0.198; -0.007;  0.022; -0.913; -0.409
-2.345; -3.016; -0.699; -0.992; -0.715; -0.125; -0.005;  0.017; -0.891; -0.453
-2.194; -3.032; -0.584; -0.994; -0.812; -0.110; -0.004;  0.015; -0.864; -0.504
-2.003; -3.021; -0.419; -0.993; -0.908; -0.120; -0.008;  0.014; -0.808; -0.589
-1.815; -2.991; -0.242; -0.989; -0.970; -0.150; -0.014;  0.012; -0.739; -0.673
-1.665; -2.937; -0.094; -0.979; -0.996; -0.203; -0.021;  0.010; -0.667; -0.745
-1.515; -2.896;  0.056; -0.970; -0.998; -0.243; -0.027;  0.005; -0.593; -0.805
-1.319; -2.894;  0.249; -0.970; -0.969; -0.245; -0.028; -0.000; -0.511; -0.860
-1.088; -2.904;  0.464; -0.972; -0.886; -0.235; -0.026; -0.006; -0.413; -0.911
-0.814; -2.889;  0.687; -0.968; -0.727; -0.250; -0.024; -0.014; -0.277; -0.961
-0.498; -2.890;  0.878; -0.969; -0.478; -0.249; -0.019; -0.021; -0.123; -0.992
-0.150; -2.892;  0.989; -0.969; -0.150; -0.247; -0.011; -0.026;  0.050; -0.999
 0.218; -2.843;  0.976; -0.956;  0.217; -0.294;  0.002; -0.033;  0.256; -0.967
 0.631; -2.739;  0.808; -0.920;  0.590; -0.392;  0.024; -0.036;  0.494; -0.870
 1.049; -2.566;  0.498; -0.839;  0.867; -0.544;  0.056; -0.023;  0.726; -0.688
 1.419; -2.342;  0.151; -0.697;  0.989; -0.717;  0.081;  0.011;  0.895; -0.445
 1.771; -2.092; -0.199; -0.498;  0.980; -0.867;  0.084;  0.063;  0.987; -0.159
 2.125; -1.867; -0.527; -0.292;  0.850; -0.956;  0.054;  0.113;  0.992;  0.129
 2.479; -1.698; -0.788; -0.127;  0.615; -0.992; -0.001;  0.139;  0.925;  0.381
 2.814; -1.551; -0.947;  0.020;  0.322; -1.000; -0.061;  0.137;  0.807;  0.591
 3.148; -1.406; -1.000;  0.164; -0.006; -0.987; -0.119;  0.108;  0.644;  0.765
 3.251; -1.272; -0.994;  0.295; -0.109; -0.956; -0.144;  0.089;  0.546;  0.838
 3.221; -1.138; -0.997;  0.419; -0.079; -0.908; -0.154;  0.088;  0.504;  0.863
 3.186; -0.960; -0.999;  0.574; -0.044; -0.819; -0.167;  0.083;  0.442;  0.897
 3.164; -0.773; -1.000;  0.716; -0.022; -0.698; -0.180;  0.073;  0.367;  0.930
 3.120; -0.595; -1.000;  0.828;  0.022; -0.561; -0.190;  0.066;  0.304;  0.953
 3.033; -0.428; -0.994;  0.910;  0.108; -0.415; -0.194;  0.067;  0.265;  0.964
 2.956; -0.306; -0.983;  0.953;  0.184; -0.302; -0.195;  0.070;  0.243;  0.970
 2.902; -0.216; -0.972;  0.977;  0.237; -0.215; -0.196;  0.072;  0.226;  0.974
 2.826; -0.172; -0.951;  0.985;  0.310; -0.171; -0.192;  0.082;  0.241;  0.971
 2.740; -0.167; -0.920;  0.986;  0.391; -0.166; -0.185;  0.098;  0.280;  0.960
 2.647; -0.175; -0.880;  0.985;  0.474; -0.174; -0.174;  0.116;  0.328;  0.945
 2.569; -0.172; -0.840;  0.985;  0.542; -0.171; -0.165;  0.129;  0.364;  0.931
 2.524; -0.117; -0.815;  0.993;  0.579; -0.117; -0.163;  0.132;  0.359;  0.933
 2.456; -0.040; -0.774;  0.999;  0.633; -0.040; -0.160;  0.136;  0.355;  0.935
 2.354;  0.054; -0.705;  0.999;  0.709;  0.054; -0.152;  0.145;  0.359;  0.933
 2.233;  0.201; -0.615;  0.980;  0.789;  0.200; -0.145;  0.150;  0.347;  0.938
 2.081;  0.353; -0.488;  0.938;  0.873;  0.346; -0.132;  0.159;  0.346;  0.938
 1.886;  0.482; -0.310;  0.886;  0.951;  0.463; -0.110;  0.172;  0.377;  0.926
 1.668;  0.577; -0.097;  0.838;  0.995;  0.545; -0.078;  0.186;  0.434;  0.901
 1.469;  0.613;  0.102;  0.818;  0.995;  0.576; -0.044;  0.195;  0.505;  0.863
 1.292;  0.661;  0.275;  0.790;  0.961;  0.614; -0.014;  0.198;  0.560;  0.828
 1.118;  0.719;  0.437;  0.753;  0.899;  0.658;  0.015;  0.196;  0.607;  0.795
 0.944;  0.753;  0.587;  0.730;  0.810;  0.684;  0.045;  0.190;  0.661;  0.750
 0.773;  0.787;  0.716;  0.706;  0.698;  0.708;  0.073;  0.180;  0.711;  0.703
 0.602;  0.792;  0.824;  0.703;  0.567;  0.712;  0.102;  0.165;  0.767;  0.642
 0.436;  0.740;  0.907;  0.739;  0.422;  0.674;  0.133;  0.144;  0.832;  0.555
 0.262;  0.659;  0.966;  0.791;  0.259;  0.612;  0.163;  0.113;  0.896;  0.444
 0.090;  0.578;  0.996;  0.838;  0.090;  0.546;  0.186;  0.077;  0.945;  0.328
-0.027;  0.532;  1.000;  0.862; -0.027;  0.508;  0.196;  0.051;  0.968;  0.250
-0.069;  0.516;  0.998;  0.870; -0.069;  0.493;  0.199;  0.041;  0.975;  0.222
-0.056;  0.520;  0.998;  0.868; -0.056;  0.497;  0.198;  0.044;  0.973;  0.230
-0.007;  0.563;  1.000;  0.846; -0.007;  0.534;  0.193;  0.057;  0.962;  0.275
 0.043;  0.594;  0.999;  0.829;  0.043;  0.559;  0.188;  0.070;  0.950;  0.313
 0.096;  0.628;  0.995;  0.809;  0.096;  0.587;  0.182;  0.082;  0.935;  0.354
 0.143;  0.668;  0.990;  0.785;  0.142;  0.619;  0.175;  0.094;  0.919;  0.394
 0.182;  0.731;  0.984;  0.744;  0.181;  0.668;  0.166;  0.105;  0.898;  0.441
 0.232;  0.833;  0.973;  0.673;  0.230;  0.740;  0.151;  0.119;  0.861;  0.508
 0.274;  0.907;  0.963;  0.616;  0.270;  0.788;  0.138;  0.129;  0.831;  0.557
 0.350;  0.964;  0.939;  0.570;  0.343;  0.821;  0.122;  0.141;  0.792;  0.611
 0.478;  1.027;  0.888;  0.517;  0.460;  0.856;  0.096;  0.156;  0.730;  0.683
 0.628;  1.072;  0.809;  0.478;  0.587;  0.878;  0.067;  0.168;  0.660;  0.751
 0.807;  1.085;  0.691;  0.467;  0.722;  0.884;  0.034;  0.177;  0.585;  0.811
 0.994;  1.104;  0.546;  0.450;  0.838;  0.893; -0.001;  0.179;  0.499;  0.867
 1.166;  1.107;  0.394;  0.447;  0.919;  0.894; -0.032;  0.176;  0.421;  0.907
 1.315;  1.103;  0.253;  0.451;  0.967;  0.893; -0.057;  0.170;  0.354;  0.935
 1.428;  1.150;  0.142;  0.408;  0.990;  0.913; -0.079;  0.158;  0.278;  0.961
 1.568;  1.183;  0.003;  0.378;  1.000;  0.926; -0.101;  0.142;  0.194;  0.981
 1.754;  1.154; -0.182;  0.405;  0.983;  0.914; -0.125;  0.124;  0.117;  0.993
 1.930;  1.094; -0.352;  0.459;  0.936;  0.889; -0.144;  0.106;  0.059;  0.998
 2.109;  1.058; -0.513;  0.490;  0.859;  0.871; -0.161;  0.083; -0.013;  1.000
 2.299;  1.071; -0.666;  0.480;  0.746;  0.878; -0.174;  0.050; -0.114;  0.993
 2.441;  1.108; -0.765;  0.447;  0.644;  0.895; -0.177;  0.021; -0.202;  0.979
 2.570;  1.148; -0.841;  0.410;  0.541;  0.912; -0.176; -0.006; -0.284;  0.959
 2.719;  1.207; -0.912;  0.356;  0.410;  0.935; -0.169; -0.037; -0.382;  0.924
 2.900;  1.273; -0.971;  0.294;  0.239;  0.956; -0.154; -0.070; -0.493;  0.870
 3.123;  1.350; -1.000;  0.219;  0.019;  0.976; -0.126; -0.105; -0.618;  0.787
 3.226;  1.473; -0.996;  0.098; -0.085;  0.995; -0.100; -0.119; -0.704;  0.710
 3.205;  1.614; -0.998; -0.043; -0.064;  0.999; -0.088; -0.116; -0.744;  0.668
 3.177;  1.713; -0.999; -0.142; -0.035;  0.990; -0.080; -0.112; -0.767;  0.641
 3.159;  1.795; -1.000; -0.222; -0.017;  0.975; -0.074; -0.109; -0.787;  0.617
 3.150;  1.876; -1.000; -0.300; -0.008;  0.954; -0.066; -0.105; -0.809;  0.588
 3.146;  1.932; -1.000; -0.353; -0.004;  0.936; -0.061; -0.103; -0.824;  0.567
 3.144;  1.979; -1.000; -0.397; -0.002;  0.918; -0.056; -0.101; -0.836;  0.548
 3.143;  1.996; -1.000; -0.412; -0.001;  0.911; -0.055; -0.100; -0.841;  0.542
 3.111;  2.016; -1.000; -0.430;  0.030;  0.903; -0.056; -0.098; -0.837;  0.547
 3.030;  2.035; -0.994; -0.448;  0.111;  0.894; -0.061; -0.092; -0.820;  0.572
 2.954;  2.056; -0.982; -0.466;  0.187;  0.885; -0.066; -0.086; -0.804;  0.595
 2.925;  2.115; -0.977; -0.517;  0.215;  0.856; -0.062; -0.083; -0.813;  0.583
 2.957;  2.195; -0.983; -0.585;  0.183;  0.811; -0.051; -0.081; -0.844;  0.536
 3.043;  2.272; -0.995; -0.645;  0.098;  0.764; -0.037; -0.081; -0.885;  0.465
 3.162;  2.300; -1.000; -0.666; -0.020;  0.746; -0.025; -0.083; -0.917;  0.399
 3.194;  2.263; -0.999; -0.638; -0.053;  0.770; -0.025; -0.086; -0.916;  0.400
 3.177;  2.167; -0.999; -0.562; -0.035;  0.827; -0.035; -0.092; -0.892;  0.452
 3.129;  2.017; -1.000; -0.432;  0.013;  0.902; -0.054; -0.099; -0.843;  0.538
 3.067;  1.837; -0.997; -0.263;  0.075;  0.965; -0.079; -0.101; -0.772;  0.636
 3.000;  1.681; -0.990; -0.110;  0.141;  0.994; -0.102; -0.096; -0.696;  0.718
 2.954;  1.528; -0.982;  0.043;  0.186;  0.999; -0.123; -0.088; -0.621;  0.784
 2.918;  1.337; -0.975;  0.232;  0.221;  0.973; -0.146; -0.077; -0.529;  0.849
 2.886;  1.112; -0.967;  0.443;  0.253;  0.897; -0.169; -0.058; -0.415;  0.910
 2.914;  0.896; -0.974;  0.625;  0.226;  0.781; -0.184; -0.046; -0.328;  0.945
 2.995;  0.724; -0.989;  0.749;  0.147;  0.662; -0.191; -0.045; -0.284;  0.959
 3.067;  0.581; -0.997;  0.836;  0.074;  0.549; -0.196; -0.046; -0.251;  0.968
 3.138;  0.451; -1.000;  0.900;  0.003;  0.436; -0.199; -0.047; -0.222;  0.975
 3.183;  0.348; -0.999;  0.940; -0.042;  0.341; -0.202; -0.046; -0.195;  0.981
 3.150;  0.238; -1.000;  0.972; -0.009;  0.236; -0.207; -0.028; -0.123;  0.992
 3.077;  0.062; -0.998;  0.998;  0.064;  0.062; -0.210;  0.007;  0.001;  1.000
 2.992; -0.112; -0.989;  0.994;  0.149; -0.112; -0.205;  0.043;  0.131;  0.991
 2.864; -0.273; -0.962;  0.963;  0.274; -0.269; -0.190;  0.085;  0.271;  0.962
 2.696; -0.423; -0.902;  0.912;  0.431; -0.411; -0.161;  0.127;  0.421;  0.907
 2.514; -0.526; -0.810;  0.865;  0.587; -0.502; -0.126;  0.159;  0.545;  0.838
 2.330; -0.633; -0.688;  0.806;  0.725; -0.592; -0.083;  0.182;  0.661;  0.750
 2.158; -0.734; -0.554;  0.743;  0.832; -0.670; -0.039;  0.192;  0.757;  0.653
 2.003; -0.840; -0.419;  0.668;  0.908; -0.744;  0.002;  0.192;  0.836;  0.549
 1.844; -0.943; -0.270;  0.587;  0.963; -0.809;  0.041;  0.183;  0.900;  0.435
 1.658; -1.026; -0.087;  0.518;  0.996; -0.855;  0.080;  0.165;  0.951;  0.310
 1.448; -1.150;  0.123;  0.408;  0.992; -0.913;  0.117;  0.131;  0.989;  0.148
 1.266; -1.262;  0.300;  0.304;  0.954; -0.953;  0.140;  0.096;  1.000;  0.002
 1.151; -1.338;  0.408;  0.231;  0.913; -0.973;  0.149;  0.071;  0.996; -0.093
 1.080; -1.393;  0.471;  0.177;  0.882; -0.984;  0.152;  0.054;  0.988; -0.156
 1.061; -1.449;  0.488;  0.122;  0.873; -0.993;  0.151;  0.046;  0.981; -0.193
 1.076; -1.490;  0.475;  0.081;  0.880; -0.997;  0.148;  0.044;  0.979; -0.206
 1.069; -1.506;  0.481;  0.064;  0.877; -0.998;  0.148;  0.041;  0.976; -0.217
 1.040; -1.557;  0.507;  0.013;  0.862; -1.000;  0.146;  0.032;  0.967; -0.256
 0.974; -1.657;  0.562; -0.086;  0.827; -0.996;  0.142;  0.013;  0.942; -0.335
 0.889; -1.752;  0.630; -0.180;  0.776; -0.984;  0.135; -0.006;  0.908; -0.418
 0.808; -1.836;  0.691; -0.263;  0.723; -0.965;  0.126; -0.022;  0.871; -0.492
 0.686; -1.955;  0.774; -0.375;  0.633; -0.927;  0.110; -0.042;  0.805; -0.593
 0.563; -2.057;  0.846; -0.467;  0.534; -0.884;  0.093; -0.056;  0.734; -0.679
 0.475; -2.116;  0.889; -0.518;  0.457; -0.855;  0.081; -0.064;  0.682; -0.731
 0.362; -2.198;  0.935; -0.587;  0.354; -0.810;  0.065; -0.071;  0.607; -0.794
 0.233; -2.340;  0.973; -0.696;  0.230; -0.718;  0.041; -0.071;  0.494; -0.869
 0.125; -2.545;  0.992; -0.827;  0.125; -0.562;  0.017; -0.060;  0.353; -0.936
-0.008; -2.797;  1.000; -0.941; -0.008; -0.338; -0.004; -0.037;  0.168; -0.986
-0.174; -3.047;  0.985; -0.996; -0.173; -0.095; -0.011; -0.006; -0.051; -0.999
-0.375; -3.102;  0.931; -0.999; -0.366; -0.040; -0.011;  0.000; -0.169; -0.986
-0.617; -3.069;  0.816; -0.997; -0.579; -0.073; -0.012; -0.001; -0.269; -0.963
-0.856; -3.035;  0.656; -0.994; -0.755; -0.106; -0.015; -0.001; -0.366; -0.931
-1.110; -3.016;  0.445; -0.992; -0.896; -0.125; -0.016;  0.002; -0.473; -0.881
-1.427; -3.009;  0.143; -0.991; -0.990; -0.133; -0.016;  0.007; -0.603; -0.798
-1.776; -2.994; -0.203; -0.989; -0.979; -0.147; -0.014;  0.012; -0.727; -0.687
-2.118; -2.974; -0.520; -0.986; -0.854; -0.167; -0.011;  0.017; -0.828; -0.561
-2.474; -2.988; -0.785; -0.988; -0.619; -0.153; -0.004;  0.019; -0.917; -0.399
-2.808; -3.016; -0.945; -0.992; -0.327; -0.125;  0.004;  0.016; -0.974; -0.227
-3.132; -3.014; -1.000; -0.992; -0.009; -0.127;  0.009;  0.014; -0.998; -0.068
-3.290; -2.967; -0.989; -0.985;  0.148; -0.173;  0.011;  0.018; -1.000; -0.008
-3.252; -2.882; -0.994; -0.966;  0.110; -0.257;  0.009;  0.027; -0.997; -0.074
-3.179; -2.799; -0.999; -0.942;  0.038; -0.336;  0.005;  0.037; -0.988; -0.152
-3.103; -2.710; -0.999; -0.908; -0.039; -0.418; -0.002;  0.046; -0.972; -0.233
-3.074; -2.632; -0.998; -0.873; -0.068; -0.487; -0.008;  0.053; -0.959; -0.284
-3.065; -2.605; -0.997; -0.859; -0.076; -0.511; -0.010;  0.056; -0.953; -0.302
-3.051; -2.638; -0.996; -0.876; -0.091; -0.482; -0.008;  0.052; -0.956; -0.293
-3.015; -2.679; -0.992; -0.895; -0.126; -0.447; -0.008;  0.049; -0.957; -0.290
-2.968; -2.718; -0.985; -0.912; -0.173; -0.411; -0.008;  0.045; -0.956; -0.294
-2.931; -2.793; -0.978; -0.940; -0.209; -0.342; -0.005;  0.037; -0.961; -0.276
-2.907; -2.905; -0.973; -0.972; -0.233; -0.234;  0.001;  0.027; -0.972; -0.233
-2.875; -3.038; -0.965; -0.995; -0.263; -0.103;  0.005;  0.016; -0.981; -0.196
-2.813; -3.051; -0.947; -0.996; -0.322; -0.091;  0.006;  0.012; -0.978; -0.207
-2.773; -3.032; -0.933; -0.994; -0.360; -0.109;  0.004;  0.015; -0.972; -0.236
-2.725; -3.017; -0.914; -0.992; -0.405; -0.124;  0.003;  0.016; -0.964; -0.267
-2.677; -2.966; -0.894; -0.985; -0.448; -0.174; -0.001;  0.021; -0.949; -0.315
-2.685; -2.881; -0.898; -0.966; -0.441; -0.258; -0.007;  0.028; -0.936; -0.351
-2.722; -2.777; -0.913; -0.934; -0.408; -0.357; -0.013;  0.037; -0.924; -0.382
-2.787; -2.636; -0.938; -0.875; -0.347; -0.484; -0.022;  0.049; -0.909; -0.417
-2.878; -2.447; -0.965; -0.768; -0.261; -0.640; -0.033;  0.064; -0.887; -0.461
-3.003; -2.246; -0.990; -0.625; -0.138; -0.780; -0.043;  0.081; -0.869; -0.494
-3.173; -2.071; -1.000; -0.479;  0.031; -0.878; -0.042;  0.099; -0.873; -0.488
-3.214; -1.870; -0.997; -0.295;  0.072; -0.956; -0.059;  0.110; -0.826; -0.563
-3.190; -1.637; -0.999; -0.066;  0.049; -0.998; -0.087;  0.114; -0.747; -0.665
-3.168; -1.370; -1.000;  0.200;  0.027; -0.980; -0.119;  0.111; -0.643; -0.766
-3.155; -1.044; -1.000;  0.503;  0.013; -0.864; -0.154;  0.097; -0.504; -0.864
-3.149; -0.713; -1.000;  0.756;  0.007; -0.654; -0.183;  0.073; -0.352; -0.936
-3.127; -0.403; -1.000;  0.920; -0.014; -0.392; -0.202;  0.040; -0.193; -0.981
-3.081; -0.067; -0.998;  0.998; -0.060; -0.067; -0.210; -0.005; -0.003; -1.000
-2.993;  0.265; -0.989;  0.965; -0.148;  0.262; -0.200; -0.059;  0.205; -0.979
-2.849;  0.529; -0.958;  0.863; -0.288;  0.505; -0.171; -0.109;  0.399; -0.917
-2.703;  0.743; -0.905;  0.736; -0.424;  0.677; -0.132; -0.144;  0.557; -0.831
-2.614;  0.973; -0.864;  0.563; -0.503;  0.827; -0.094; -0.160;  0.682; -0.732
-2.569;  1.247; -0.840;  0.318; -0.542;  0.948; -0.057; -0.161;  0.789; -0.614
-2.564;  1.548; -0.838;  0.023; -0.546;  1.000; -0.026; -0.148;  0.874; -0.487
-2.587;  1.837; -0.850; -0.263; -0.526;  0.965; -0.005; -0.128;  0.930; -0.366
-2.637;  2.063; -0.875; -0.472; -0.483;  0.881;  0.005; -0.108;  0.959; -0.283
-2.723;  2.221; -0.914; -0.605; -0.406;  0.796;  0.005; -0.094;  0.969; -0.248
-2.791;  2.330; -0.939; -0.688; -0.343;  0.726;  0.005; -0.083;  0.973; -0.229
-2.804;  2.414; -0.943; -0.747; -0.331;  0.665;  0.007; -0.075;  0.981; -0.194
-2.742;  2.499; -0.921; -0.800; -0.389;  0.600;  0.015; -0.065;  0.993; -0.121
-2.677;  2.624; -0.894; -0.869; -0.448;  0.495;  0.020; -0.051;  1.000; -0.027
-2.614;  2.775; -0.864; -0.933; -0.503;  0.359;  0.022; -0.033;  0.997;  0.080
-2.543;  2.923; -0.826; -0.976; -0.563;  0.217;  0.020; -0.016;  0.982;  0.189
-2.457;  3.033; -0.775; -0.994; -0.632;  0.109;  0.015; -0.004;  0.960;  0.279
-2.368;  3.039; -0.715; -0.995; -0.699;  0.103;  0.015; -0.001;  0.944;  0.330
-2.290;  2.997; -0.659; -0.990; -0.752;  0.144;  0.018; -0.004;  0.938;  0.346
-2.206;  2.896; -0.593; -0.970; -0.805;  0.244;  0.026; -0.011;  0.941;  0.338
-2.150;  2.801; -0.548; -0.942; -0.837;  0.334;  0.033; -0.017;  0.948;  0.319
-2.127;  2.767; -0.528; -0.931; -0.849;  0.366;  0.035; -0.019;  0.949;  0.314
-2.147;  2.726; -0.545; -0.915; -0.838;  0.404;  0.038; -0.024;  0.958;  0.285
-2.221;  2.691; -0.605; -0.900; -0.796;  0.436;  0.038; -0.030;  0.973;  0.233
-2.355;  2.673; -0.706; -0.892; -0.708;  0.452;  0.034; -0.036;  0.987;  0.158
-2.532;  2.667; -0.820; -0.889; -0.573;  0.457;  0.027; -0.042;  0.998;  0.067
-2.714;  2.707; -0.910; -0.907; -0.414;  0.421;  0.019; -0.042;  1.000; -0.004
-2.885;  2.775; -0.967; -0.934; -0.254;  0.358;  0.013; -0.037;  0.999; -0.055
-3.063;  2.824; -0.997; -0.950; -0.078;  0.313;  0.007; -0.034;  0.993; -0.120
-3.206;  2.806; -0.998; -0.944;  0.065;  0.329;  0.001; -0.036;  0.979; -0.202
-3.202;  2.757; -0.998; -0.927;  0.060;  0.375; -0.001; -0.041;  0.975; -0.220
-3.161;  2.679; -1.000; -0.895;  0.020;  0.446; -0.003; -0.049;  0.971; -0.239
-3.088;  2.542; -0.999; -0.826; -0.054;  0.564; -0.006; -0.062;  0.963; -0.269
-3.015;  2.378; -0.992; -0.723; -0.126;  0.691; -0.011; -0.078;  0.950; -0.313
-3.000;  2.202; -0.990; -0.590; -0.141;  0.807; -0.022; -0.093;  0.921; -0.388
-3.047;  2.043; -0.996; -0.455; -0.094;  0.891; -0.040; -0.102;  0.877; -0.481
-3.158;  1.943; -1.000; -0.363;  0.017;  0.932; -0.062; -0.101;  0.821; -0.571
-3.193;  1.863; -0.999; -0.288;  0.051;  0.958; -0.074; -0.102;  0.787; -0.617
-3.162;  1.738; -1.000; -0.167;  0.021;  0.986; -0.084; -0.107;  0.757; -0.653
-3.117;  1.581; -1.000; -0.011; -0.024;  1.000; -0.096; -0.112;  0.719; -0.695
-3.057;  1.439; -0.996;  0.131; -0.085;  0.991; -0.105; -0.118;  0.690; -0.723
-2.939;  1.325; -0.980;  0.243; -0.201;  0.970; -0.103; -0.130;  0.692; -0.722
-2.752;  1.210; -0.925;  0.353; -0.380;  0.936; -0.089; -0.148;  0.717; -0.697
-2.541;  1.094; -0.825;  0.459; -0.565;  0.889; -0.069; -0.166;  0.750; -0.662
-2.376;  0.999; -0.721;  0.541; -0.693;  0.841; -0.051; -0.177;  0.772; -0.636
-2.265;  0.943; -0.639;  0.587; -0.769;  0.809; -0.037; -0.183;  0.790; -0.614
-2.168;  0.900; -0.562;  0.622; -0.827;  0.783; -0.023; -0.188;  0.806; -0.592
-2.041;  0.794; -0.453;  0.701; -0.891;  0.713; -0.010; -0.193;  0.812; -0.584
-1.899;  0.642; -0.323;  0.801; -0.946;  0.599;  0.002; -0.199;  0.809; -0.588
-1.800;  0.470; -0.227;  0.892; -0.974;  0.453;  0.004; -0.204;  0.787; -0.617
-1.712;  0.320; -0.140;  0.949; -0.990;  0.314;  0.006; -0.207;  0.767; -0.641
-1.588;  0.236; -0.017;  0.972; -1.000;  0.234;  0.022; -0.207;  0.780; -0.626
-1.477;  0.224;  0.094;  0.975; -0.996;  0.222;  0.044; -0.204;  0.810; -0.586
-1.419;  0.235;  0.151;  0.972; -0.988;  0.233;  0.057; -0.201;  0.830; -0.558
-1.362;  0.237;  0.207;  0.972; -0.978;  0.234;  0.068; -0.197;  0.846; -0.534
-1.290;  0.270;  0.277;  0.964; -0.961;  0.266;  0.085; -0.190;  0.873; -0.488
-1.183;  0.316;  0.378;  0.950; -0.926;  0.311;  0.109; -0.176;  0.908; -0.420
-1.012;  0.343;  0.530;  0.942; -0.848;  0.337;  0.139; -0.153;  0.945; -0.328
-0.789;  0.402;  0.705;  0.920; -0.710;  0.391;  0.172; -0.112;  0.981; -0.192
-0.519;  0.475;  0.868;  0.889; -0.496;  0.457;  0.197; -0.054;  1.000; -0.022
-0.204;  0.505;  0.979;  0.875; -0.203;  0.484;  0.203;  0.012;  0.989;  0.150
 0.171;  0.536;  0.985;  0.860;  0.170;  0.511;  0.182;  0.088;  0.938;  0.346
 0.611;  0.592;  0.819;  0.830;  0.574;  0.558;  0.121;  0.160;  0.824;  0.566
 1.113;  0.681;  0.442;  0.777;  0.897;  0.630;  0.020;  0.197;  0.624;  0.782
 1.645;  0.816; -0.075;  0.685;  0.997;  0.729; -0.093;  0.169;  0.333;  0.943
 2.145;  0.972; -0.543;  0.564;  0.840;  0.826; -0.164;  0.087;  0.013;  1.000
 2.626;  1.096; -0.870;  0.457;  0.493;  0.889; -0.179; -0.011; -0.286;  0.958
 3.078;  1.211; -0.998;  0.352;  0.064;  0.936; -0.145; -0.094; -0.543;  0.840
 3.267;  1.335; -0.992;  0.234; -0.125;  0.972; -0.110; -0.123; -0.671;  0.742
 3.237;  1.467; -0.995;  0.103; -0.095;  0.995; -0.100; -0.120; -0.704;  0.710
 3.162;  1.625; -1.000; -0.054; -0.020;  0.999; -0.092; -0.112; -0.733;  0.680
 3.043;  1.751; -0.995; -0.180;  0.098;  0.984; -0.090; -0.100; -0.736;  0.677
 2.874;  1.883; -0.964; -0.307;  0.265;  0.952; -0.092; -0.083; -0.723;  0.691
 2.685;  2.059; -0.897; -0.469;  0.441;  0.883; -0.086; -0.066; -0.718;  0.696
 2.532;  2.233; -0.820; -0.615;  0.572;  0.788; -0.076; -0.053; -0.726;  0.688
 2.381;  2.422; -0.725; -0.752;  0.689;  0.659; -0.062; -0.041; -0.739;  0.674
 2.223;  2.624; -0.607; -0.869;  0.795;  0.494; -0.046; -0.030; -0.753;  0.658
 2.116;  2.788; -0.519; -0.938;  0.855;  0.346; -0.031; -0.022; -0.772;  0.636
 2.015;  2.910; -0.430; -0.973;  0.903;  0.229; -0.020; -0.017; -0.778;  0.628
 1.927;  3.023; -0.348; -0.993;  0.937;  0.119; -0.011; -0.014; -0.779;  0.627
 1.843;  3.036; -0.269; -0.994;  0.963;  0.106; -0.009; -0.012; -0.764;  0.646
 1.764;  3.022; -0.192; -0.993;  0.981;  0.119; -0.011; -0.012; -0.733;  0.680
 1.695;  2.999; -0.124; -0.990;  0.992;  0.142; -0.014; -0.011; -0.701;  0.714
 1.634;  2.940; -0.064; -0.980;  0.998;  0.200; -0.022; -0.009; -0.657;  0.754
 1.626;  2.816; -0.055; -0.947;  0.998;  0.320; -0.035; -0.006; -0.605;  0.796
 1.673;  2.661; -0.102; -0.887;  0.995;  0.462; -0.051; -0.003; -0.562;  0.827
 1.751;  2.500; -0.179; -0.801;  0.984;  0.599; -0.067; -0.000; -0.527;  0.850
 1.797;  2.331; -0.224; -0.689;  0.975;  0.725; -0.083;  0.006; -0.473;  0.881
 1.802;  2.205; -0.229; -0.593;  0.973;  0.805; -0.094;  0.014; -0.419;  0.908
 1.802;  2.099; -0.229; -0.504;  0.973;  0.864; -0.103;  0.022; -0.371;  0.929
 1.815;  2.006; -0.241; -0.422;  0.970;  0.907; -0.110;  0.028; -0.333;  0.943
 1.835;  1.927; -0.262; -0.349;  0.965;  0.937; -0.116;  0.033; -0.305;  0.952
 1.866;  1.826; -0.291; -0.252;  0.957;  0.968; -0.123;  0.038; -0.272;  0.962
 1.898;  1.720; -0.321; -0.149;  0.947;  0.989; -0.130;  0.044; -0.236;  0.972
 1.922;  1.617; -0.344; -0.046;  0.939;  0.999; -0.136;  0.051; -0.197;  0.980
 1.985;  1.503; -0.402;  0.067;  0.916;  0.998; -0.144;  0.054; -0.172;  0.985
 2.115;  1.380; -0.517;  0.189;  0.856;  0.982; -0.155;  0.048; -0.176;  0.984
 2.272;  1.266; -0.645;  0.300;  0.764;  0.954; -0.166;  0.034; -0.197;  0.980
 2.406;  1.191; -0.741;  0.371;  0.671;  0.929; -0.173;  0.019; -0.225;  0.974
 2.520;  1.175; -0.813;  0.386;  0.583;  0.923; -0.175;  0.001; -0.273;  0.962
 2.620;  1.161; -0.867;  0.398;  0.499;  0.917; -0.175; -0.016; -0.314;  0.949
 2.689;  1.095; -0.899;  0.458;  0.437;  0.889; -0.178; -0.022; -0.316;  0.949
 2.780;  0.999; -0.935;  0.541;  0.353;  0.841; -0.182; -0.030; -0.314;  0.950
 2.893;  0.863; -0.969;  0.650;  0.246;  0.760; -0.187; -0.039; -0.303;  0.953
 3.000;  0.659; -0.990;  0.790;  0.141;  0.613; -0.195; -0.040; -0.256;  0.967
 3.093;  0.388; -0.999;  0.926;  0.049;  0.378; -0.204; -0.032; -0.169;  0.986
 3.161;  0.108; -1.000;  0.994; -0.020;  0.107; -0.209; -0.013; -0.057;  0.998
 3.165; -0.121; -1.000;  0.993; -0.023; -0.120; -0.209;  0.008;  0.049;  0.999
 3.116; -0.308; -1.000;  0.953;  0.026; -0.303; -0.204;  0.039;  0.166;  0.986
 3.063; -0.510; -0.997;  0.873;  0.078; -0.488; -0.191;  0.069;  0.290;  0.957
 3.037; -0.776; -0.995;  0.714;  0.104; -0.700; -0.170;  0.095;  0.426;  0.905
 3.051; -1.041; -0.996;  0.505;  0.091; -0.863; -0.146;  0.109;  0.536;  0.844
 3.103; -1.268; -0.999;  0.298;  0.038; -0.955; -0.129;  0.110;  0.608;  0.794
 3.162; -1.469; -1.000;  0.102; -0.021; -0.995; -0.112;  0.109;  0.667;  0.745
 3.166; -1.669; -1.000; -0.098; -0.025; -0.995; -0.092;  0.107;  0.732;  0.681
 3.157; -1.871; -1.000; -0.296; -0.015; -0.955; -0.069;  0.104;  0.800;  0.599
 3.127; -2.049; -1.000; -0.460;  0.015; -0.888; -0.048;  0.098;  0.858;  0.513
 3.107; -2.188; -0.999; -0.578;  0.035; -0.816; -0.033;  0.091;  0.896;  0.443
 3.085; -2.303; -0.998; -0.668;  0.056; -0.744; -0.022;  0.083;  0.924;  0.381
 3.072; -2.394; -0.998; -0.733;  0.069; -0.680; -0.014;  0.076;  0.943;  0.333
 3.134; -2.427; -1.000; -0.755;  0.007; -0.656; -0.016;  0.072;  0.938;  0.347
 3.177; -2.433; -0.999; -0.759; -0.036; -0.651; -0.019;  0.071;  0.931;  0.365
 3.154; -2.410; -1.000; -0.744; -0.013; -0.668; -0.019;  0.073;  0.931;  0.364
 3.075; -2.349; -0.998; -0.702;  0.067; -0.712; -0.017;  0.080;  0.935;  0.355
 2.949; -2.282; -0.981; -0.653;  0.192; -0.757; -0.012;  0.087;  0.945;  0.327
 2.846; -2.182; -0.957; -0.574;  0.291; -0.819; -0.009;  0.097;  0.945;  0.326
 2.745; -2.064; -0.923; -0.473;  0.386; -0.881; -0.007;  0.108;  0.942;  0.334
 2.577; -2.006; -0.845; -0.421;  0.535; -0.907;  0.008;  0.113;  0.959;  0.282
 2.343; -1.968; -0.697; -0.387;  0.717; -0.922;  0.033;  0.112;  0.983;  0.186
 2.048; -1.926; -0.459; -0.348;  0.888; -0.938;  0.063;  0.102;  0.998;  0.061
 1.695; -1.881; -0.124; -0.306;  0.992; -0.952;  0.096;  0.079;  0.996; -0.093
 1.276; -1.825;  0.290; -0.251;  0.957; -0.968;  0.123;  0.038;  0.963; -0.271
 0.806; -1.784;  0.692; -0.212;  0.722; -0.977;  0.131; -0.019;  0.883; -0.470
 0.360; -1.721;  0.936; -0.150;  0.352; -0.989;  0.116; -0.072;  0.777; -0.629
-0.013; -1.635;  1.000; -0.064; -0.013; -0.998;  0.091; -0.111;  0.679; -0.734
-0.366; -1.561;  0.934;  0.010; -0.358; -1.000;  0.055; -0.139;  0.571; -0.821
-0.728; -1.525;  0.747;  0.046; -0.665; -0.999;  0.005; -0.152;  0.430; -0.903
-1.095; -1.563;  0.458;  0.007; -0.889; -1.000; -0.052; -0.140;  0.239; -0.971
-1.481; -1.657;  0.089; -0.086; -0.996; -0.996; -0.101; -0.100;  0.002; -1.000
-1.906; -1.782; -0.329; -0.210; -0.944; -0.978; -0.127; -0.037; -0.270; -0.963
-2.378; -1.929; -0.722; -0.351; -0.692; -0.937; -0.116;  0.032; -0.550; -0.835
-2.878; -2.099; -0.965; -0.504; -0.261; -0.864; -0.068;  0.080; -0.794; -0.608
-3.280; -2.256; -0.990; -0.633;  0.138; -0.774; -0.017;  0.089; -0.934; -0.356
-3.294; -2.387; -0.988; -0.728;  0.152; -0.685; -0.008;  0.078; -0.956; -0.295
-3.235; -2.508; -0.996; -0.806;  0.093; -0.592; -0.005;  0.066; -0.964; -0.266
-3.179; -2.594; -0.999; -0.854;  0.038; -0.521; -0.004;  0.057; -0.968; -0.252
-3.114; -2.618; -1.000; -0.866; -0.027; -0.500; -0.006;  0.055; -0.962; -0.272
-3.072; -2.609; -0.998; -0.861; -0.069; -0.508; -0.009;  0.055; -0.955; -0.297
-3.050; -2.603; -0.996; -0.858; -0.091; -0.513; -0.011;  0.056; -0.951; -0.310
-3.019; -2.583; -0.993; -0.848; -0.122; -0.530; -0.014;  0.057; -0.943; -0.334
-2.994; -2.571; -0.989; -0.842; -0.147; -0.540; -0.016;  0.058; -0.936; -0.351
-2.996; -2.550; -0.989; -0.830; -0.145; -0.558; -0.018;  0.059; -0.933; -0.361
-3.035; -2.491; -0.994; -0.796; -0.107; -0.605; -0.019;  0.065; -0.929; -0.370
-3.091; -2.417; -0.999; -0.748; -0.051; -0.663; -0.021;  0.072; -0.926; -0.378
-3.154; -2.315; -1.000; -0.677;  0.012; -0.736; -0.026;  0.081; -0.916; -0.402
-3.162; -2.210; -1.000; -0.596;  0.020; -0.803; -0.033;  0.089; -0.898; -0.440
-3.155; -2.081; -1.000; -0.488;  0.013; -0.873; -0.045;  0.097; -0.866; -0.500
-3.149; -1.943; -1.000; -0.364;  0.007; -0.931; -0.059;  0.103; -0.828; -0.561
-3.136; -1.836; -1.000; -0.262; -0.006; -0.965; -0.072;  0.106; -0.793; -0.610
-3.080; -1.717; -0.998; -0.146; -0.062; -0.989; -0.090;  0.103; -0.736; -0.676
-2.965; -1.617; -0.985; -0.047; -0.175; -0.999; -0.113;  0.092; -0.660; -0.751
-2.829; -1.547; -0.952;  0.024; -0.308; -1.000; -0.131;  0.073; -0.579; -0.815
-2.684; -1.470; -0.897;  0.100; -0.441; -0.995; -0.148;  0.049; -0.485; -0.874
-2.499; -1.424; -0.800;  0.147; -0.600; -0.989; -0.158;  0.017; -0.380; -0.925
-2.249; -1.444; -0.627;  0.126; -0.779; -0.992; -0.156; -0.020; -0.272; -0.962
-1.955; -1.521; -0.375;  0.050; -0.927; -0.999; -0.141; -0.057; -0.166; -0.986
-1.618; -1.647; -0.047; -0.076; -0.999; -0.997; -0.114; -0.086; -0.062; -0.998
-1.243; -1.771;  0.322; -0.199; -0.947; -0.980; -0.077; -0.109;  0.063; -0.998
-0.906; -1.883;  0.617; -0.307; -0.787; -0.952; -0.042; -0.117;  0.175; -0.985
-0.575; -1.975;  0.839; -0.394; -0.544; -0.919; -0.007; -0.116;  0.292; -0.957
-0.184; -2.011;  0.983; -0.426; -0.183; -0.905;  0.034; -0.108;  0.456; -0.890
 0.235; -2.014;  0.973; -0.429;  0.233; -0.903;  0.074; -0.084;  0.630; -0.777
 0.656; -1.981;  0.793; -0.399;  0.610; -0.917;  0.106; -0.046;  0.788; -0.615
 1.071; -1.902;  0.479; -0.325;  0.878; -0.946;  0.122;  0.007;  0.915; -0.403
 1.506; -1.815;  0.064; -0.242;  0.998; -0.970;  0.111;  0.066;  0.988; -0.154
 1.922; -1.729; -0.344; -0.158;  0.939; -0.987;  0.074;  0.115;  0.995;  0.096
 2.302; -1.611; -0.667; -0.040;  0.745; -0.999;  0.018;  0.145;  0.941;  0.339
 2.671; -1.441; -0.891;  0.129;  0.454; -0.992; -0.052;  0.149;  0.817;  0.577
 3.015; -1.255; -0.992;  0.310;  0.126; -0.951; -0.120;  0.121;  0.637;  0.771
 3.257; -1.061; -0.993;  0.488; -0.115; -0.873; -0.165;  0.076;  0.450;  0.893
 3.251; -0.824; -0.994;  0.680; -0.109; -0.734; -0.183;  0.061;  0.348;  0.937
 3.176; -0.582; -0.999;  0.835; -0.034; -0.550; -0.194;  0.054;  0.271;  0.963
 3.052; -0.361; -0.996;  0.936;  0.090; -0.353; -0.199;  0.057;  0.223;  0.975
 2.906; -0.144; -0.972;  0.990;  0.233; -0.144; -0.199;  0.064;  0.189;  0.982
 2.732;  0.047; -0.917;  0.999;  0.398;  0.047; -0.195;  0.079;  0.180;  0.984
 2.504;  0.214; -0.804;  0.977;  0.595;  0.212; -0.181;  0.105;  0.210;  0.978
 2.221;  0.369; -0.605;  0.933;  0.796;  0.361; -0.154;  0.137;  0.272;  0.962
 1.889;  0.480; -0.313;  0.887;  0.950;  0.462; -0.110;  0.172;  0.377;  0.926
 1.555;  0.595;  0.015;  0.828;  1.000;  0.560; -0.059;  0.192;  0.476;  0.880
 1.215;  0.772;  0.349;  0.717;  0.937;  0.698; -0.010;  0.194;  0.546;  0.838
 0.854;  0.944;  0.657;  0.587;  0.754;  0.810;  0.041;  0.183;  0.623;  0.782
 0.487;  1.110;  0.884;  0.445;  0.468;  0.896;  0.085;  0.157;  0.698;  0.716
 0.131;  1.260;  0.991;  0.305;  0.131;  0.952;  0.119;  0.121;  0.768;  0.641
-0.236;  1.377;  0.972;  0.193; -0.234;  0.981;  0.143;  0.077;  0.842;  0.540
-0.607;  1.467;  0.822;  0.103; -0.570;  0.995;  0.154;  0.026;  0.909;  0.417
-0.947;  1.540;  0.584;  0.031; -0.812;  1.000;  0.150; -0.020;  0.956;  0.292
-1.293;  1.616;  0.274; -0.045; -0.962;  0.999;  0.132; -0.061;  0.987;  0.161
-1.609;  1.684; -0.038; -0.112; -0.999;  0.994;  0.106; -0.092;  0.999;  0.037
-1.857;  1.746; -0.282; -0.174; -0.959;  0.985;  0.081; -0.108;  0.998; -0.055
-2.082;  1.785; -0.489; -0.213; -0.872;  0.977;  0.056; -0.119;  0.989; -0.148
-2.339;  1.794; -0.695; -0.222; -0.719;  0.975;  0.025; -0.129;  0.963; -0.269
-2.646;  1.805; -0.880; -0.232; -0.476;  0.973; -0.015; -0.130;  0.913; -0.408
-2.971;  1.851; -0.985; -0.276; -0.170;  0.961; -0.051; -0.116;  0.847; -0.531
-3.245;  1.938; -0.995; -0.359;  0.103;  0.933; -0.066; -0.099;  0.807; -0.590
-3.258;  2.033; -0.993; -0.446;  0.116;  0.895; -0.062; -0.092;  0.817; -0.577
-3.212;  2.120; -0.998; -0.522;  0.070;  0.853; -0.049; -0.091;  0.855; -0.519
-3.175;  2.190; -0.999; -0.580;  0.033;  0.814; -0.039; -0.088;  0.881; -0.473
-3.154;  2.257; -1.000; -0.634;  0.013;  0.774; -0.031; -0.085;  0.901; -0.433
-3.138;  2.315; -1.000; -0.678; -0.004;  0.735; -0.025; -0.081;  0.917; -0.400
-3.128;  2.308; -1.000; -0.672; -0.014;  0.741; -0.025; -0.082;  0.917; -0.399
-3.151;  2.261; -1.000; -0.637;  0.010;  0.771; -0.030; -0.085;  0.905; -0.426
-3.154;  2.234; -1.000; -0.615;  0.013;  0.788; -0.033; -0.086;  0.896; -0.444
-3.150;  2.199; -1.000; -0.587;  0.009;  0.809; -0.036; -0.089;  0.889; -0.458
-3.146;  2.153; -1.000; -0.550;  0.005;  0.835; -0.040; -0.092;  0.879; -0.476
-3.144;  2.160; -1.000; -0.555;  0.003;  0.832; -0.039; -0.091;  0.881; -0.473
-3.143;  2.189; -1.000; -0.580;  0.002;  0.815; -0.036; -0.090;  0.888; -0.459
-3.104;  2.197; -0.999; -0.586; -0.037;  0.810; -0.032; -0.090;  0.899; -0.438
-3.058;  2.164; -0.997; -0.559; -0.084;  0.829; -0.031; -0.094;  0.902; -0.432
-3.072;  2.087; -0.998; -0.494; -0.070;  0.870; -0.039; -0.099;  0.881; -0.472
-3.076;  2.033; -0.998; -0.446; -0.065;  0.895; -0.044; -0.102;  0.867; -0.498
-3.017;  2.033; -0.992; -0.446; -0.124;  0.895; -0.038; -0.104;  0.881; -0.472
-2.917;  2.078; -0.975; -0.485; -0.223;  0.874; -0.024; -0.104;  0.913; -0.407
-2.828;  2.127; -0.951; -0.528; -0.308;  0.849; -0.011; -0.102;  0.939; -0.343
-2.793;  2.123; -0.940; -0.524; -0.341;  0.851; -0.008; -0.102;  0.944; -0.329
-2.800;  2.125; -0.942; -0.527; -0.335;  0.850; -0.008; -0.102;  0.944; -0.331
-2.834;  2.170; -0.953; -0.564; -0.302;  0.826; -0.009; -0.098;  0.945; -0.326
-2.911;  2.253; -0.973; -0.631; -0.229;  0.776; -0.010; -0.090;  0.946; -0.323
-2.990;  2.363; -0.989; -0.712; -0.151;  0.702; -0.010; -0.080;  0.951; -0.308
-3.025;  2.490; -0.993; -0.795; -0.117;  0.606; -0.005; -0.068;  0.965; -0.264
-3.055;  2.682; -0.996; -0.896; -0.086;  0.444;  0.003; -0.049;  0.983; -0.186
-3.120;  2.876; -1.000; -0.965; -0.022;  0.263;  0.007; -0.029;  0.993; -0.122
-3.161;  3.002; -1.000; -0.990;  0.020;  0.139;  0.009; -0.015;  0.997; -0.080
-3.156;  3.029; -1.000; -0.994;  0.015;  0.112;  0.009; -0.012;  0.998; -0.064
-3.147;  2.988; -1.000; -0.988;  0.005;  0.153;  0.009; -0.017;  0.997; -0.079
-3.127;  2.903; -1.000; -0.972; -0.015;  0.236;  0.007; -0.026;  0.994; -0.112
-3.119;  2.836; -1.000; -0.954; -0.022;  0.301;  0.006; -0.033;  0.990; -0.141
-3.151;  2.824; -1.000; -0.950;  0.009;  0.312;  0.005; -0.034;  0.987; -0.158
-3.155;  2.865; -1.000; -0.962;  0.013;  0.273;  0.005; -0.030;  0.989; -0.145
-3.151;  2.915; -1.000; -0.974;  0.009;  0.225;  0.007; -0.025;  0.993; -0.118
-3.147;  2.955; -1.000; -0.983;  0.006;  0.185;  0.008; -0.020;  0.995; -0.096
-3.137;  2.972; -1.000; -0.986; -0.005;  0.169;  0.009; -0.019;  0.997; -0.082
-3.146;  2.985; -1.000; -0.988;  0.005;  0.156;  0.008; -0.017;  0.997; -0.083
-3.142;  3.011; -1.000; -0.991;  0.000;  0.131;  0.009; -0.014;  0.998; -0.065
-3.081;  3.010; -0.998; -0.991; -0.061;  0.131;  0.010; -0.014;  0.999; -0.035
-2.992;  2.973; -0.989; -0.986; -0.149;  0.168;  0.011; -0.017;  1.000; -0.009
-2.919;  2.892; -0.975; -0.969; -0.221;  0.247;  0.012; -0.025;  1.000; -0.013
-2.868;  2.808; -0.963; -0.945; -0.270;  0.327;  0.014; -0.034;  1.000; -0.030
-2.819;  2.697; -0.949; -0.903; -0.317;  0.430;  0.014; -0.045;  0.998; -0.061
-2.781;  2.566; -0.936; -0.839; -0.353;  0.544;  0.014; -0.059;  0.994; -0.107
-2.781;  2.443; -0.936; -0.765; -0.352;  0.643;  0.010; -0.072;  0.986; -0.169
-2.798;  2.350; -0.942; -0.703; -0.337;  0.712;  0.005; -0.081;  0.975; -0.222
-2.794;  2.261; -0.940; -0.637; -0.341;  0.771;  0.001; -0.090;  0.965; -0.263
-2.760;  2.127; -0.928; -0.528; -0.372;  0.849; -0.004; -0.102;  0.950; -0.311
-2.728;  1.997; -0.916; -0.414; -0.402;  0.910; -0.010; -0.114;  0.934; -0.357
-2.735;  1.916; -0.918; -0.339; -0.396;  0.941; -0.017; -0.120;  0.917; -0.398
-2.761;  1.846; -0.929; -0.271; -0.371;  0.962; -0.026; -0.124;  0.897; -0.442
-2.747;  1.738; -0.923; -0.166; -0.384;  0.986; -0.034; -0.132;  0.875; -0.484
-2.736;  1.647; -0.919; -0.077; -0.395;  0.997; -0.041; -0.137;  0.856; -0.518
-2.771;  1.604; -0.932; -0.033; -0.362;  0.999; -0.050; -0.137;  0.834; -0.551
-2.788;  1.547; -0.938;  0.024; -0.347;  1.000; -0.058; -0.139;  0.814; -0.581
-2.766;  1.433; -0.930;  0.138; -0.367;  0.990; -0.067; -0.144;  0.786; -0.618
-2.763;  1.301; -0.929;  0.266; -0.370;  0.964; -0.081; -0.146;  0.745; -0.667
-2.783;  1.208; -0.936;  0.355; -0.351;  0.935; -0.094; -0.145;  0.706; -0.709
-2.780;  1.163; -0.935;  0.397; -0.354;  0.918; -0.099; -0.145;  0.690; -0.723
-2.779;  1.145; -0.935;  0.413; -0.354;  0.911; -0.101; -0.145;  0.684; -0.729
-2.824;  1.113; -0.950;  0.442; -0.312;  0.897; -0.110; -0.140;  0.656; -0.755
-2.872;  1.050; -0.964;  0.497; -0.266;  0.867; -0.124; -0.133;  0.613; -0.790
-2.928;  0.989; -0.977;  0.549; -0.212;  0.836; -0.137; -0.124;  0.566; -0.825
-2.978;  0.950; -0.987;  0.581; -0.163;  0.814; -0.147; -0.115;  0.529; -0.849
-2.985;  0.952; -0.988;  0.580; -0.156;  0.814; -0.148; -0.114;  0.526; -0.850
-2.955;  0.955; -0.983;  0.578; -0.186;  0.816; -0.144; -0.119;  0.540; -0.841
-2.929;  0.955; -0.977;  0.577; -0.211;  0.817; -0.141; -0.122;  0.551; -0.834
-2.956;  1.020; -0.983;  0.524; -0.184;  0.852; -0.138; -0.121;  0.567; -0.824
-2.974;  1.146; -0.986;  0.412; -0.167;  0.911; -0.127; -0.123;  0.611; -0.792
-2.937;  1.317; -0.979;  0.252; -0.203;  0.968; -0.103; -0.130;  0.689; -0.725
-2.848;  1.485; -0.957;  0.086; -0.290;  0.996; -0.073; -0.137;  0.777; -0.630
-2.766;  1.598; -0.930; -0.027; -0.367;  1.000; -0.050; -0.138;  0.834; -0.551
-2.702;  1.681; -0.905; -0.110; -0.426;  0.994; -0.033; -0.136;  0.872; -0.489
-2.643;  1.795; -0.878; -0.222; -0.478;  0.975; -0.015; -0.130;  0.911; -0.412
-2.579;  1.933; -0.846; -0.354; -0.533;  0.935;  0.003; -0.120;  0.948; -0.317
-2.476;  2.034; -0.787; -0.447; -0.617;  0.895;  0.021; -0.109;  0.976; -0.219
-2.329;  2.070; -0.688; -0.479; -0.726;  0.878;  0.038; -0.101;  0.992; -0.129
-2.171;  2.067; -0.564; -0.476; -0.825;  0.879;  0.053; -0.094;  0.999; -0.052
-2.066;  2.053; -0.475; -0.464; -0.880;  0.886;  0.062; -0.089;  1.000; -0.006
-1.975;  2.058; -0.393; -0.468; -0.920;  0.883;  0.070; -0.083;  0.999;  0.042
-1.845;  2.074; -0.270; -0.482; -0.963;  0.876;  0.080; -0.071;  0.993;  0.114
-1.664;  2.039; -0.093; -0.451; -0.996;  0.892;  0.093; -0.059;  0.982;  0.186
-1.474;  1.958;  0.097; -0.378; -0.995;  0.926;  0.107; -0.048;  0.971;  0.240
-1.312;  1.836;  0.256; -0.262; -0.967;  0.965;  0.121; -0.042;  0.966;  0.259
-1.116;  1.701;  0.440; -0.130; -0.898;  0.992;  0.136; -0.029;  0.957;  0.289
-0.871;  1.565;  0.644;  0.006; -0.765;  1.000;  0.149; -0.006;  0.940;  0.340
-0.609;  1.411;  0.820;  0.159; -0.572;  0.987;  0.158;  0.022;  0.921;  0.390
-0.368;  1.279;  0.933;  0.287; -0.359;  0.958;  0.161;  0.051;  0.898;  0.440
-0.167;  1.131;  0.986;  0.426; -0.166;  0.905;  0.161;  0.074;  0.886;  0.464
 0.047;  0.972;  0.999;  0.564;  0.047;  0.826;  0.158;  0.098;  0.873;  0.487
 0.266;  0.800;  0.965;  0.697;  0.263;  0.718;  0.150;  0.123;  0.861;  0.508
 0.469;  0.611;  0.892;  0.819;  0.452;  0.574;  0.141;  0.142;  0.858;  0.514
 0.711;  0.399;  0.758;  0.922;  0.652;  0.388;  0.125;  0.164;  0.850;  0.527
 0.962;  0.149;  0.572;  0.989;  0.820;  0.148;  0.106;  0.181;  0.850;  0.527
 1.167; -0.079;  0.393;  0.997;  0.920; -0.079;  0.090;  0.189;  0.855;  0.518
 1.376; -0.319;  0.194;  0.950;  0.981; -0.313;  0.073;  0.194;  0.864;  0.504
 1.627; -0.615; -0.057;  0.817;  0.998; -0.577;  0.053;  0.193;  0.875;  0.485
 1.911; -0.936; -0.333;  0.593;  0.943; -0.805;  0.028;  0.185;  0.884;  0.468
 2.183; -1.238; -0.575;  0.327;  0.818; -0.945;  0.007;  0.171;  0.890;  0.455
 2.465; -1.500; -0.779;  0.071;  0.626; -0.997; -0.015;  0.153;  0.886;  0.464
 2.801; -1.773; -0.942; -0.201;  0.334; -0.980; -0.037;  0.128;  0.871;  0.492
 3.124; -2.075; -1.000; -0.483;  0.018; -0.876; -0.045;  0.097;  0.866;  0.501